Department,SheetNo.,SheetName,ActionType,Item Code,Item Name,Upload date,Trans.Status,PersonalName,Trans.Date,Trans.Time,Deletion,Deletion date
NonPharma,8PxTKSapbD,اصناف لها رصيد وليس لها مكان وجود,,110,COTTON MEDICAL 100G,,Done,10000522,21/09/2026,15:03:59,,
NonPharma,8PxTKSapbD,اصناف لها رصيد وليس لها مكان وجود,,5803,TS ADIDAS GET READY EDT F/M 100M,,Done,10000522,21/09/2026,15:03:59,,
NonPharma,8PxTKSapbD,اصناف لها رصيد وليس لها مكان وجود,,6251,TS BOSS HUGO T.SCENT INTENSE EDP F/M100M,,Done,10000522,21/09/2026,15:03:59,,
NonPharma,8PxTKSapbD,اصناف لها رصيد وليس لها مكان وجود,,6279,TS C.HERRERA GOOD GIRL LEGERE EDP F/W80M,,Done,10000522,21/09/2026,15:03:59,,
NonPharma,8PxTKSapbD,اصناف لها رصيد وليس لها مكان وجود,,34149,PE.MERRY CHRISTMAS WARD DECORATIO.SMALL™,,Done,10000522,21/09/2026,15:03:59,,
NonPharma,8PxTKSapbD,اصناف لها رصيد وليس لها مكان وجود,,260708,CH. 555 NORMAL LEMON EDC 260M#,,Done,10000522,21/09/2026,15:03:59,,
NonPharma,8PxTKSapbD,اصناف لها رصيد وليس لها مكان وجود,,260855,555 EDC 250M#,,Done,10000522,21/09/2026,15:03:59,,
NonPharma,8PxTKSapbD,اصناف لها رصيد وليس لها مكان وجود,,261915,NIZAPEX SHAMP.80M,,Done,10000522,21/09/2026,15:03:59,,
NonPharma,8PxTKSapbD,اصناف لها رصيد وليس لها مكان وجود,,270662,PE.RUDOLF BABY MERRY CHRISTMAS OUTFIT™,,Done,10000522,21/09/2026,15:03:59,,
NonPharma,8PxTKSapbD,اصناف لها رصيد وليس لها مكان وجود,,282425,JUSTIN BLUE ANTI-DAND SHAMP.175M,,Done,10000522,21/09/2026,15:03:59,,
NonPharma,8PxTKSapbD,اصناف لها رصيد وليس لها مكان وجود,,323152,SOFT CARE FULL L.SILIC.INSOLE(46)SI500D▓,,Done,10000522,21/09/2026,15:03:59,,
NonPharma,8PxTKSapbD,اصناف لها رصيد وليس لها مكان وجود,,370273,JASPER BIO ANKLE SUPPORT  XL (SB006)▓,,Done,10000522,21/09/2026,15:03:59,,
NonPharma,8PxTKSapbD,اصناف لها رصيد وليس لها مكان وجود,,370748,FIRST AID BAG(NOT FOR SALE)▓,,Done,10000522,21/09/2026,15:03:59,,
NonPharma,8PxTKSapbD,اصناف لها رصيد وليس لها مكان وجود,,2700552,B.C CEN BABY YOU&ME STROLLER/B692L™,,Done,10000522,21/09/2026,15:03:59,,
NonPharma,8PxTKSapbD,اصناف لها رصيد وليس لها مكان وجود,,2702974,BELCLINIC HYDRA PLUS MOIST.CR 2X50M@#,,Done,10000522,21/09/2026,15:03:59,,
NonPharma,8PxTKSapbD,اصناف لها رصيد وليس لها مكان وجود,,2705363,ATRAKTA RE/FORCE SERUM 200M+SHAM.250@#,,Done,10000522,21/09/2026,15:03:59,,
NonPharma,8PxTKSapbD,اصناف لها رصيد وليس لها مكان وجود,,2705518,PE.HAPPY MOTHERS DAY CONGRATULAT.CARDS™,,Done,10000522,21/09/2026,15:03:59,,
NonPharma,8PxTKSapbD,اصناف لها رصيد وليس لها مكان وجود,,2705624,PE.BABY BANANA CASH MAYO SHORTS VINTAGE™,,Done,10000522,21/09/2026,15:03:59,,
NonPharma,8PxTKSapbD,اصناف لها رصيد وليس لها مكان وجود,,2706031,HAPPY SHOWER LUFFA LONG ONE FACE (L)/6#,,Done,10000522,21/09/2026,15:03:59,,
NonPharma,8PxTKSapbD,اصناف لها رصيد وليس لها مكان وجود,,2706268,FLOSLEK S.CAR.A.SPOT CR GEL(50)30M1+50%@,,Done,10000522,21/09/2026,15:03:59,,
NonPharma,8PxTKSapbD,اصناف لها رصيد وليس لها مكان وجود,,2706721,GIFT NUK BOTTLE 150ML 0-6M/539,,Done,10000522,21/09/2026,15:03:59,,
NonPharma,8PxTKSapbD,اصناف لها رصيد وليس لها مكان وجود,,2706919,MIRA NAIL POLISH REMOVER POMEGRANAT200M#,,Done,10000522,21/09/2026,15:03:59,,
NonPharma,8PxTKSapbD,اصناف لها رصيد وليس لها مكان وجود,,2708217,PE.PRAYER RUG COLORING MINT™,,Done,10000522,21/09/2026,15:03:59,,
NonPharma,8PxTKSapbD,اصناف لها رصيد وليس لها مكان وجود,,2708610,VEE SOLAR TAN OIL SPF(10) 200M#,,Done,10000522,21/09/2026,15:03:59,,
NonPharma,8PxTKSapbD,اصناف لها رصيد وليس لها مكان وجود,,2708769,STARVILLE WH.(CLEN.200+R.ON 60+GEL 60)@,,Done,10000522,21/09/2026,15:03:59,,
NonPharma,8PxTKSapbD,اصناف لها رصيد وليس لها مكان وجود,,2708783,BELCLINIC VITAL REVITALIZ.MASK 80M 1+1@,,Done,10000522,21/09/2026,15:03:59,,
NonPharma,8PxTKSapbD,اصناف لها رصيد وليس لها مكان وجود,,3200687,PEPTAMEN JUNIOR VANIL.400GM POWDER+▓,,Done,10000522,21/09/2026,15:03:59,,
NonPharma,8PxTKSapbD,اصناف لها رصيد وليس لها مكان وجود,,3203467,NAN(EXPERT PRO)COMFORT380ML MILK POWD.+#,,Done,10000522,21/09/2026,15:03:59,,
NonPharma,8PxTKSapbD,اصناف لها رصيد وليس لها مكان وجود,,3208278,NITI-DENT(T.P.GEL100G+M.SOL.250+BRUSH)@▓,,Done,10000522,21/09/2026,15:03:59,,
NonPharma,8PxTKSapbD,اصناف لها رصيد وليس لها مكان وجود,,3208505,LASCAR SILICONE(SCARS) 2X60GM GEL(1+1)@▓,,Done,10000522,21/09/2026,15:03:59,,
NonPharma,8PxTKSapbD,اصناف لها رصيد وليس لها مكان وجود,,3208649,VEE PEPTIDE (CHOCO.FLA.) 600GM POWDER▓,,Done,10000522,21/09/2026,15:03:59,,
NonPharma,8PxTKSapbD,اصناف لها رصيد وليس لها مكان وجود,,3210325,JUILIA (2G/SAC) 10/SACH▓,,Done,10000522,21/09/2026,15:03:59,,
NonPharma,8PxTKSapbD,اصناف لها رصيد وليس لها مكان وجود,,3210449,MAZORASLIM STEVIA Z.C.SW(1G/SAC)50/SACH▓,,Done,10000522,21/09/2026,15:03:59,,
NonPharma,8PxTKSapbD,اصناف لها رصيد وليس لها مكان وجود,,3210745,LIMITLESS ALPHA WHEY PRO.CON.CR.CHOC1KG▓,,Done,10000522,21/09/2026,15:03:59,,
NonPharma,8PxTKSapbD,اصناف لها رصيد وليس لها مكان وجود,,3210746,LIMITLESS ALPHA WHEY PRO.CONC.BANANA1KG▓,,Done,10000522,21/09/2026,15:03:59,,
NonPharma,8PxTKSapbD,اصناف لها رصيد وليس لها مكان وجود,,3210749,LIMITLESS ALPHA WHEY PRO.CONC.STRAW.1KG▓,,Done,10000522,21/09/2026,15:03:59,,
NonPharma,8PxTKSapbD,اصناف لها رصيد وليس لها مكان وجود,,3210752,LIMITLESS ALPHA WHEY PR.CON.CO.MOCHA1KG▓,,Done,10000522,21/09/2026,15:03:59,,
NonPharma,8PxTKSapbD,اصناف لها رصيد وليس لها مكان وجود,,3210755,LIMITLESS ALPHA WHEY PRO.CON.VANILLA2KG▓,,Done,10000522,21/09/2026,15:03:59,,
NonPharma,8PxTKSapbD,اصناف لها رصيد وليس لها مكان وجود,,3210766,LIMITLESS ALPHA WHEY PR.ISO.CR.CHOC.2KG▓,,Done,10000522,21/09/2026,15:03:59,,
NonPharma,8PxTKSapbD,اصناف لها رصيد وليس لها مكان وجود,,3210769,LIMITLESS ALPHA WHEY PRO.ISO.BANANA 2KG▓,,Done,10000522,21/09/2026,15:03:59,,
NonPharma,8PxTKSapbD,اصناف لها رصيد وليس لها مكان وجود,,3211973,RENU 120ML LENSES SOLU.+(270LE)@,,Done,10000522,21/09/2026,15:03:59,,
NonPharma,8PxTKSapbD,اصناف لها رصيد وليس لها مكان وجود,,3701268,SOFT CARE ACT.GEL TOE SPREADER(M)GA9013▓,,Done,10000522,21/09/2026,15:03:59,,
NonPharma,8PxTKSapbD,اصناف لها رصيد وليس لها مكان وجود,,3702861,CANNULA 18G GREEN(VASOFIX B BRAUN)▓,,Done,10000522,21/09/2026,15:03:59,,
NonPharma,8PxTKSapbD,اصناف لها رصيد وليس لها مكان وجود,,3702862,CANNULA 20G PINK(VASOFIX B BRAUN)▓,,Done,10000522,21/09/2026,15:03:59,,
NonPharma,8PxTKSapbD,اصناف لها رصيد وليس لها مكان وجود,,3703129,PHARMATULL PARAF.GAUZE DRES.10X10CM1PCS▓,,Done,10000522,21/09/2026,15:03:59,,
NonPharma,8PxTKSapbD,اصناف لها رصيد وليس لها مكان وجود,,25929212167,COLOUR ME AZURE  EDP F/M 100M,,Done,10000522,21/09/2026,15:03:59,,
NonPharma,8PxTKSapbD,اصناف لها رصيد وليس لها مكان وجود,,79400352934,DOVE AD.CA.BEA.FINISH 72H DEO.STICK 74G!,,Done,10000522,21/09/2026,15:03:59,,
NonPharma,8PxTKSapbD,اصناف لها رصيد وليس لها مكان وجود,,1.27178E+11,GRANZIA FOOT GYM MASSAGER/LY-238B▓,,Done,10000522,21/09/2026,15:03:59,,
NonPharma,8PxTKSapbD,اصناف لها رصيد وليس لها مكان وجود,,1.96008E+11,DELTA ANKLE SUPPORT (XL)\PL▓,,Done,10000522,21/09/2026,15:03:59,,
NonPharma,8PxTKSapbD,اصناف لها رصيد وليس لها مكان وجود,,1.96008E+11,COMFY FOAM OFFICE&CAR SEAT B.SUPPORT\PL▓,,Done,10000522,21/09/2026,15:03:59,,
NonPharma,8PxTKSapbD,اصناف لها رصيد وليس لها مكان وجود,,1.96008E+11,RELAXO PILLOW\PL▓,,Done,10000522,21/09/2026,15:03:59,,
NonPharma,8PxTKSapbD,اصناف لها رصيد وليس لها مكان وجود,,6.67538E+11,V.S NEW SHEER LOVE B.MIST 250M,,Done,10000522,21/09/2026,15:03:59,,
NonPharma,8PxTKSapbD,اصناف لها رصيد وليس لها مكان وجود,,7.3151E+11,KISS IMPRESS NAILS 30PCS/KIMM07C,,Done,10000522,21/09/2026,15:03:59,,
NonPharma,8PxTKSapbD,اصناف لها رصيد وليس لها مكان وجود,,7.36659E+11,WET BRUSH TXTURE PRO EXTEN./BWP840TXTG#,,Done,10000522,21/09/2026,15:03:59,,
NonPharma,8PxTKSapbD,اصناف لها رصيد وليس لها مكان وجود,,7.48927E+11,AMINO ENERGY ESSENT.(ON)GR.APPLE270GM+▓,,Done,10000522,21/09/2026,15:03:59,,
NonPharma,8PxTKSapbD,اصناف لها رصيد وليس لها مكان وجود,,7.62497E+11,RESELIENCE GOLD SHAMP.F/DRY&DAMA.HR 300M,,Done,10000522,21/09/2026,15:03:59,,
NonPharma,8PxTKSapbD,اصناف لها رصيد وليس لها مكان وجود,,7.62497E+11,RESELIENCE GOLD COND.F/DRY&DAMA.HR 300M,,Done,10000522,21/09/2026,15:03:59,,
NonPharma,8PxTKSapbD,اصناف لها رصيد وليس لها مكان وجود,,8.17513E+11,CANTU S.BUT.W/FLAX.&OLI.OIL HR GEL524GM#,,Done,10000522,21/09/2026,15:03:59,,
NonPharma,8PxTKSapbD,اصناف لها رصيد وليس لها مكان وجود,,8.50041E+11,RUSH BRUSH U1 CURLER PURPLE/RB-U1,,Done,10000522,21/09/2026,15:03:59,,
NonPharma,8PxTKSapbD,اصناف لها رصيد وليس لها مكان وجود,,8.69223E+11,PARROTTY BLUSHING PERFUME SP.F/W 250M#,,Done,10000522,21/09/2026,15:03:59,,
NonPharma,8PxTKSapbD,اصناف لها رصيد وليس لها مكان وجود,,8.88499E+11,CANPED ADULT PANTS(L)(110-150CM)2X8PCS@,,Done,10000522,21/09/2026,15:03:59,,
NonPharma,8PxTKSapbD,اصناف لها رصيد وليس لها مكان وجود,,3.50411E+12,MUSTELA MUSTI EDP SOIN  50M,,Done,10000522,21/09/2026,15:03:59,,
NonPharma,8PxTKSapbD,اصناف لها رصيد وليس لها مكان وجود,,3.57466E+12,OGX COLOUR RETENTION SHAMP.385M,,Done,10000522,21/09/2026,15:03:59,,
NonPharma,8PxTKSapbD,اصناف لها رصيد وليس لها مكان وجود,,3.57466E+12,OGX COLOUR RETENTION COND.385M,,Done,10000522,21/09/2026,15:03:59,,
NonPharma,8PxTKSapbD,اصناف لها رصيد وليس لها مكان وجود,,3.60053E+12,MAYBELLINE GLAZE OIL BALM ACAI GLAZE/008,,Done,10000522,21/09/2026,15:03:59,,
NonPharma,8PxTKSapbD,اصناف لها رصيد وليس لها مكان وجود,,3.61422E+12,LANCASTER SUN SENS.SOFT.MILK SPF(30)125M,,Done,10000522,21/09/2026,15:03:59,,
NonPharma,8PxTKSapbD,اصناف لها رصيد وليس لها مكان وجود,,4.00858E+12,TITANIA BABY SCISSORS /1050/4#,,Done,10000522,21/09/2026,15:03:59,,
NonPharma,8PxTKSapbD,اصناف لها رصيد وليس لها مكان وجود,,4.21113E+12,BEURER PERIOD PAIN RELIEVER/EM50▓,,Done,10000522,21/09/2026,15:03:59,,
NonPharma,8PxTKSapbD,اصناف لها رصيد وليس لها مكان وجود,,4.21113E+12,BEURER BLOOD PRESSURE MONITOR BC30▓,,Done,10000522,21/09/2026,15:03:59,,
NonPharma,8PxTKSapbD,اصناف لها رصيد وليس لها مكان وجود,,4.89123E+12,SCHICK INT.XTREME3 SEN.DISP.RAZOR 6+2P@#,,Done,10000522,21/09/2026,15:03:59,,
NonPharma,8PxTKSapbD,اصناف لها رصيد وليس لها مكان وجود,,4.89711E+12,KARSEELL M.P.A.HR LOSS SHAMP.500M,,Done,10000522,21/09/2026,15:03:59,,
NonPharma,8PxTKSapbD,اصناف لها رصيد وليس لها مكان وجود,,4.89711E+12,KARSEELL M.P.A.HR LOSS COND.500M,,Done,10000522,21/09/2026,15:03:59,,
NonPharma,8PxTKSapbD,اصناف لها رصيد وليس لها مكان وجود,,5.90341E+12,CANPOL BOTTLE & TEATS BRUSH 2/413#,,Done,10000522,21/09/2026,15:03:59,,
NonPharma,8PxTKSapbD,اصناف لها رصيد وليس لها مكان وجود,,5.90341E+12,CANPOL SOOTHER HOLDER(+0M)/2-435#,,Done,10000522,21/09/2026,15:03:59,,
NonPharma,8PxTKSapbD,اصناف لها رصيد وليس لها مكان وجود,,5.90341E+12,CANPOL SOOTHER HOLDER(0M+)/10-877#,,Done,10000522,21/09/2026,15:03:59,,
NonPharma,8PxTKSapbD,اصناف لها رصيد وليس لها مكان وجود,,5.90341E+12,CANPOL SOFT SILIC.SPOON 21/488#,,Done,10000522,21/09/2026,15:03:59,,
NonPharma,8PxTKSapbD,اصناف لها رصيد وليس لها مكان وجود,,5.90341E+12,CANPOL SILIC.SOOTHER (22/500),,Done,10000522,21/09/2026,15:03:59,,
NonPharma,8PxTKSapbD,اصناف لها رصيد وليس لها مكان وجود,,5.90341E+12,CANPOL SILICONE SOOTHER (0-6)M/22/639#,,Done,10000522,21/09/2026,15:03:59,,
NonPharma,8PxTKSapbD,اصناف لها رصيد وليس لها مكان وجود,,6.22116E+12,CLEAR WOMEN SOFT&SHINY SHAMP.180M@,,Done,10000522,21/09/2026,15:03:59,,
NonPharma,8PxTKSapbD,اصناف لها رصيد وليس لها مكان وجود,,6.22116E+12,SIGNAL TRIPLE CLEAN T.BR.MEDIUM2PCS20%@#,,Done,10000522,21/09/2026,15:03:59,,
NonPharma,8PxTKSapbD,اصناف لها رصيد وليس لها مكان وجود,,6.22116E+12,LUX SILKY GARD.2X MOIST.B.WASH 500M 10%@,,Done,10000522,21/09/2026,15:03:59,,
NonPharma,8PxTKSapbD,اصناف لها رصيد وليس لها مكان وجود,,6.22117E+12,SMART COLLECTION DUSK B.MIST F/M 250M,,Done,10000522,21/09/2026,15:03:59,,
NonPharma,8PxTKSapbD,اصناف لها رصيد وليس لها مكان وجود,,6.222E+12,#$MIGOS SPA EXF.NATURALLY LUFFA/412574$#,,Done,10000522,21/09/2026,15:03:59,,
NonPharma,8PxTKSapbD,اصناف لها رصيد وليس لها مكان وجود,,6.22202E+12,BOBANA RETINOL FACE WASH GEL 150M#,,Done,10000522,21/09/2026,15:03:59,,
NonPharma,8PxTKSapbD,اصناف لها رصيد وليس لها مكان وجود,,6.223E+12,EGYPTIAN TRE.PAYRUS EXT.COND.BAR 100G#,,Done,10000522,21/09/2026,15:03:59,,
NonPharma,8PxTKSapbD,اصناف لها رصيد وليس لها مكان وجود,,6.223E+12,EGYPTIAN TRE.PAPYRUS EXT.SHAMP.BAR 100G#,,Done,10000522,21/09/2026,15:03:59,,
NonPharma,8PxTKSapbD,اصناف لها رصيد وليس لها مكان وجود,,6.223E+12,EGYPTIAN TRE.R.C.GOLD A.AGE.EYE CR 15M#,,Done,10000522,21/09/2026,15:03:59,,
NonPharma,8PxTKSapbD,اصناف لها رصيد وليس لها مكان وجود,,6.223E+12,EGYPTIAN TRE.R.C.GOLD FACE CR 50M#,,Done,10000522,21/09/2026,15:03:59,,
NonPharma,8PxTKSapbD,اصناف لها رصيد وليس لها مكان وجود,,6.223E+12,E KERATIN D.ACTION INT.HR NOUR.AMP.7X7M,,Done,10000522,21/09/2026,15:03:59,,
NonPharma,8PxTKSapbD,اصناف لها رصيد وليس لها مكان وجود,,6.223E+12,CARE&MORE GLYC.VANIL.&COOKI.SOFT CR 75M,,Done,10000522,21/09/2026,15:03:59,,
NonPharma,8PxTKSapbD,اصناف لها رصيد وليس لها مكان وجود,,6.223E+12,SOFY SOFT&LUM.F.MUSK MAXI TH.EX.LONG14P,,Done,10000522,21/09/2026,15:03:59,,
NonPharma,8PxTKSapbD,اصناف لها رصيد وليس لها مكان وجود,,6.22301E+12,STARVILLE WHI.LAVENDER G.DEO.SP.F/W150M#,,Done,10000522,21/09/2026,15:03:59,,
NonPharma,8PxTKSapbD,اصناف لها رصيد وليس لها مكان وجود,,6.22301E+12,WHITE ADULT WIPES (XL) 24PCS#,,Done,10000522,21/09/2026,15:03:59,,
NonPharma,8PxTKSapbD,اصناف لها رصيد وليس لها مكان وجود,,6.224E+12,PROTE CARE HR TONING CR 100G#,,Done,10000522,21/09/2026,15:03:59,,
NonPharma,8PxTKSapbD,اصناف لها رصيد وليس لها مكان وجود,,6.224E+12,MAX TOUCH BABY WET WIPES 120PCS,,Done,10000522,21/09/2026,15:03:59,,
NonPharma,8PxTKSapbD,اصناف لها رصيد وليس لها مكان وجود,,6.224E+12,VATIKA ALMOND&HONEY MOIST.TREA.COND.360M,,Done,10000522,21/09/2026,15:03:59,,
NonPharma,8PxTKSapbD,اصناف لها رصيد وليس لها مكان وجود,,6.224E+12,PHARMAPACK PURIFIED WATER F/MILK 200M,,Done,10000522,21/09/2026,15:03:59,,
NonPharma,8PxTKSapbD,اصناف لها رصيد وليس لها مكان وجود,,6.224E+12,VACATION COPPER PEPTIDE SERUM 10% 30M,,Done,10000522,21/09/2026,15:03:59,,
NonPharma,8PxTKSapbD,اصناف لها رصيد وليس لها مكان وجود,,6.224E+12,KOLAGRA MKAEUP PERFEC.CONCEAL.MEDIUM10M,,Done,10000522,21/09/2026,15:03:59,,
NonPharma,8PxTKSapbD,اصناف لها رصيد وليس لها مكان وجود,,6.224E+12,SANOSAN NAPPY RASH CR W.MILK PRO.2X150M@,,Done,10000522,21/09/2026,15:03:59,,
NonPharma,8PxTKSapbD,اصناف لها رصيد وليس لها مكان وجود,,6.224E+12,SENATOR HR COND.200M#,,Done,10000522,21/09/2026,15:03:59,,
NonPharma,8PxTKSapbD,اصناف لها رصيد وليس لها مكان وجود,,6.224E+12,HEY GIRL VIRGO GLAM B.SPLASH F/W 150M,,Done,10000522,21/09/2026,15:03:59,,
NonPharma,8PxTKSapbD,اصناف لها رصيد وليس لها مكان وجود,,6.224E+12,HEY GIRL LEO EGO B.SPLASH F/W 150M,,Done,10000522,21/09/2026,15:03:59,,
NonPharma,8PxTKSapbD,اصناف لها رصيد وليس لها مكان وجود,,6.224E+12,EVER YOUTH A.DAND SHAMP.200M,,Done,10000522,21/09/2026,15:03:59,,
NonPharma,8PxTKSapbD,اصناف لها رصيد وليس لها مكان وجود,,6.22401E+12,WHITE FLY-OFF MOSQUITO REPELLENT 48PCS#,,Done,10000522,21/09/2026,15:03:59,,
NonPharma,8PxTKSapbD,اصناف لها رصيد وليس لها مكان وجود,,6.22401E+12,WIPE IT BABY WIPES FRE.ALCOHOL W/CAP 60P,,Done,10000522,21/09/2026,15:03:59,,
NonPharma,8PxTKSapbD,اصناف لها رصيد وليس لها مكان وجود,,6.22401E+12,ELLE NAIL POLISH 14M/708,,Done,10000522,21/09/2026,15:03:59,,
NonPharma,8PxTKSapbD,اصناف لها رصيد وليس لها مكان وجود,,6.22401E+12,VELVET ROC SENSATION BODY LOTION 250M#,,Done,10000522,21/09/2026,15:03:59,,
NonPharma,8PxTKSapbD,اصناف لها رصيد وليس لها مكان وجود,,6.22401E+12,VELVET YAY LOVE BODY LOTION 250M#,,Done,10000522,21/09/2026,15:03:59,,
NonPharma,8PxTKSapbD,اصناف لها رصيد وليس لها مكان وجود,,6.22401E+12,THE HAIR ADDICT INFUSION HOOD F/ALL HR.,,Done,10000522,21/09/2026,15:03:59,,
NonPharma,8PxTKSapbD,اصناف لها رصيد وليس لها مكان وجود,,6.22401E+12,ALEJON A.DAND.LOT.150M,,Done,10000522,21/09/2026,15:03:59,,
NonPharma,8PxTKSapbD,اصناف لها رصيد وليس لها مكان وجود,,6.22401E+12,CHAOS DAMAGED PRE-WASH HR MASK 300M,,Done,10000522,21/09/2026,15:03:59,,
NonPharma,8PxTKSapbD,اصناف لها رصيد وليس لها مكان وجود,,6.22401E+12,CHAOS KIDS BLONDE PRE-WASH HR MASK 300M,,Done,10000522,21/09/2026,15:03:59,,
NonPharma,8PxTKSapbD,اصناف لها رصيد وليس لها مكان وجود,,6.22401E+12,CLEO MAKEUP HYA A.SPF30MATTE FOU.30M/02#,,Done,10000522,21/09/2026,15:03:59,,
NonPharma,8PxTKSapbD,اصناف لها رصيد وليس لها مكان وجود,,6.22401E+12,LITTLE STAR BOT.&NIPPL.ENZYM.CLEAN.400M@,,Done,10000522,21/09/2026,15:03:59,,
NonPharma,8PxTKSapbD,اصناف لها رصيد وليس لها مكان وجود,,6.225E+12,DERMABOND SUNCREA.SPF(50+) VIT C&E 75ML#,,Done,10000522,21/09/2026,15:03:59,,
NonPharma,8PxTKSapbD,اصناف لها رصيد وليس لها مكان وجود,,6.225E+12,TRUFFLES EXTRA NATURAL HR SHAMP.380M,,Done,10000522,21/09/2026,15:03:59,,
NonPharma,8PxTKSapbD,اصناف لها رصيد وليس لها مكان وجود,,6.225E+12,TRUFFLES MON BLEU A.DAND.SHAMP.200M,,Done,10000522,21/09/2026,15:03:59,,
NonPharma,8PxTKSapbD,اصناف لها رصيد وليس لها مكان وجود,,6.225E+12,SKINISTA HYDR.BOOST F/VER.DRY SK CR100G#,,Done,10000522,21/09/2026,15:03:59,,
NonPharma,8PxTKSapbD,اصناف لها رصيد وليس لها مكان وجود,,6.225E+12,TRUFFLES SOLA HR MIST VANILL.WHISPER 70M,,Done,10000522,21/09/2026,15:03:59,,
NonPharma,8PxTKSapbD,اصناف لها رصيد وليس لها مكان وجود,,6.251E+12,FINE CARE INCONTINENCE(M)(75-110CM)40PC#,,Done,10000522,21/09/2026,15:03:59,,
NonPharma,8PxTKSapbD,اصناف لها رصيد وليس لها مكان وجود,,6.29111E+12,CLOUD WOODY CLOUD HR&B.MIST 250M,,Done,10000522,21/09/2026,15:03:59,,
NonPharma,8PxTKSapbD,اصناف لها رصيد وليس لها مكان وجود,,6.29111E+12,TS CLOUD WHIPPED CLOUD HR&BODY MIST 250M,,Done,10000522,21/09/2026,15:03:59,,
NonPharma,8PxTKSapbD,اصناف لها رصيد وليس لها مكان وجود,,6.29512E+12,VEET WAX STRIPS NORMAL SK 12PCS#,,Done,10000522,21/09/2026,15:03:59,,
NonPharma,8PxTKSapbD,اصناف لها رصيد وليس لها مكان وجود,,6.7723E+12,BUBBLES NATURAL BOTTLE W.HAND(4)M 150M,,Done,10000522,21/09/2026,15:03:59,,
NonPharma,8PxTKSapbD,اصناف لها رصيد وليس لها مكان وجود,,6.77354E+12,MALLINSY SUNSCREEN SPF(30+) LOT.200M#,,Done,10000522,21/09/2026,15:03:59,,
NonPharma,8PxTKSapbD,اصناف لها رصيد وليس لها مكان وجود,,6.93157E+12,TRUE GOLD S.CUP W/STRAW(12+)330M/2024800,,Done,10000522,21/09/2026,15:03:59,,
NonPharma,8PxTKSapbD,اصناف لها رصيد وليس لها مكان وجود,,6.93157E+12,TRUE GOLD S.CUP W/STRAW(12+)300M/2024801,,Done,10000522,21/09/2026,15:03:59,,
NonPharma,8PxTKSapbD,اصناف لها رصيد وليس لها مكان وجود,,6.93762E+12,LA FRUTTA PLA.FEED.BOTTLE(0M+)150M/22048,,Done,10000522,21/09/2026,15:03:59,,
NonPharma,8PxTKSapbD,اصناف لها رصيد وليس لها مكان وجود,,6.94214E+12,PE.SWIM CAP SPORTS HEADWEAR/26006#,,Done,10000522,21/09/2026,15:03:59,,
NonPharma,8PxTKSapbD,اصناف لها رصيد وليس لها مكان وجود,,7.64011E+12,SKINCODE EXCLUSIVE C.WR.PRO.EYE SERUM15M,,Done,10000522,21/09/2026,15:03:59,,
NonPharma,8PxTKSapbD,اصناف لها رصيد وليس لها مكان وجود,,8.00109E+12,PANTENE PRO-V MOIST.RENEW.OIL REPLA.275M,,Done,10000522,21/09/2026,15:03:59,,
NonPharma,8PxTKSapbD,اصناف لها رصيد وليس لها مكان وجود,,8.0223E+12,PRECIOUS NATURE P.PEAR&ORANG.SHAMP.250M#,,Done,10000522,21/09/2026,15:03:59,,
NonPharma,8PxTKSapbD,اصناف لها رصيد وليس لها مكان وجود,,8.43656E+12,ROOFA BLACK&WHITEHEADS REMOVER/019BC,,Done,10000522,21/09/2026,15:03:59,,
NonPharma,8PxTKSapbD,اصناف لها رصيد وليس لها مكان وجود,,8.68372E+12,DERMINIX ARGA.OIL&W.PROT.HR CAP MASK50G#,,Done,10000522,21/09/2026,15:03:59,,
NonPharma,8PxTKSapbD,اصناف لها رصيد وليس لها مكان وجود,,8.69199E+12,FONEX HAIR GEL ULTRA STRONG 700M#,,Done,10000522,21/09/2026,15:03:59,,
NonPharma,8PxTKSapbD,اصناف لها رصيد وليس لها مكان وجود,,8.72069E+12,PHILIPS AIR STYLER 3000 S.800W/BHA305-00,,Done,10000522,21/09/2026,15:03:59,,
NonPharma,8PxTKSapbD,اصناف لها رصيد وليس لها مكان وجود,,8.80905E+12,PUREDERM EXFOLIA.FOOT MASK 1PAIR/ADS353!,,Done,10000522,21/09/2026,15:03:59,,
NonPharma,8PxTKSapbD,اصناف لها رصيد وليس لها مكان وجود,,8.80982E+12,ETUDE HOUSE MY LASH SERUM 9G!,,Done,10000522,21/09/2026,15:03:59,,
NonPharma,8PxTKSapbD,اصناف لها رصيد وليس لها مكان وجود,,8.85022E+12,TRUE M.BREAST PUMP/12999,,Done,10000522,21/09/2026,15:03:59,,
NonPharma,8PxTKSapbD,اصناف لها رصيد وليس لها مكان وجود,,9.35459E+12,LOVISA EARRINGS 8PCS/51630973!,,Done,10000522,21/09/2026,15:03:59,,
NonPharma,8PxTKSapbD,اصناف لها رصيد وليس لها مكان وجود,,9.35459E+12,LOVISA EARRINGS 6PCS/51634865!,,Done,10000522,21/09/2026,15:03:59,,
NonPharma,8PxTKSapbD,اصناف لها رصيد وليس لها مكان وجود,,9.35459E+12,LOVISA EARRINGS 6PCS/51648787!,,Done,10000522,21/09/2026,15:03:59,,
NonPharma,pqsp9f3dVO,مراجعة شارع 36,,284946,LABELLO LIP CARE CHERRY,,Done,10005139,23/09/2026,13:41:55,OK,46288.93721
NonPharma,pqsp9f3dVO,مراجعة شارع 36,,6.22104E+12,LUNA+ DEEP CARE LIP BALM 3.5G 20%@,,Done,10005139,23/09/2026,13:41:55,OK,46288.93721
NonPharma,pqsp9f3dVO,مراجعة شارع 36,,4.006E+12,EUCERIN DERMOPUR.T.EFFE.CLEANS.GEL 150M#,,Done,10005139,23/09/2026,13:41:55,OK,46288.93721
NonPharma,pqsp9f3dVO,مراجعة شارع 36,,6.22104E+12,LUNA+ MEN CARE LIP BALM 3.5G 20%@,,Done,10005139,23/09/2026,13:41:55,OK,46288.93721
NonPharma,pqsp9f3dVO,مراجعة شارع 36,,6.22202E+12,INFINITY BERRY DELIGH.B.MILK F/A.SK 200M,,Done,10005139,23/09/2026,13:41:55,OK,46288.93721
NonPharma,pqsp9f3dVO,مراجعة شارع 36,,6.22202E+12,INFINITY CHERRY SILK B.MILK F/A.SK 200M,,Done,10005139,23/09/2026,13:41:55,OK,46288.93721
NonPharma,pqsp9f3dVO,مراجعة شارع 36,,6.22202E+12,INFINITY NAT.CAMOMILE&HONY HAND CR 150G,,Done,10005139,23/09/2026,13:41:55,OK,46288.93721
NonPharma,pqsp9f3dVO,مراجعة شارع 36,,6.22202E+12,INFINITY INSTA CLEAR FACIA.WASH150+50M@#,,Done,10005139,23/09/2026,13:41:55,OK,46288.93721
NonPharma,pqsp9f3dVO,مراجعة شارع 36,,6.22202E+12,INFINITY NATU.SLEEK LOOK HR BALM 30G,,Done,10005139,23/09/2026,13:41:55,OK,46288.93721
NonPharma,pqsp9f3dVO,مراجعة شارع 36,,6.223E+12,EVA RECIPE MOCHA LOT.370M#,,Done,10005139,23/09/2026,13:41:55,OK,46288.93721
NonPharma,pqsp9f3dVO,مراجعة شارع 36,,6.224E+12,ALL BY MI PRO OIL DEFE.FOOM.CLEAN.SP200M,,Done,10005139,23/09/2026,13:41:55,OK,46288.93721
NonPharma,pqsp9f3dVO,مراجعة شارع 36,,6.224E+12,ALL BY MI PRO SK MOIST.SP 200M,,Done,10005139,23/09/2026,13:41:55,OK,46288.93721
NonPharma,pqsp9f3dVO,مراجعة شارع 36,,6.22401E+12,LUCENTE LUMINI FOAM CLEAN.200M,,Done,10005139,23/09/2026,13:41:55,OK,46288.93721
NonPharma,pqsp9f3dVO,مراجعة شارع 36,,6.22401E+12,LIXORA SK PEEL OFF MASK ALOE VERA 150M,,Done,10005139,23/09/2026,13:41:55,OK,46288.93721
NonPharma,pqsp9f3dVO,مراجعة شارع 36,,6.28704E+12,JAMIRA FACIAL WASH CLEANS.F/ALL SK.200M,,Done,10005139,23/09/2026,13:41:55,OK,46288.93721
NonPharma,pqsp9f3dVO,مراجعة شارع 36,,6.223E+12,DENTI WHITENING T.BRUSH MEDIUM\PL,,Done,10005139,23/09/2026,13:41:55,OK,46288.93721
NonPharma,raOLChQLyA,مراجعة اماكن وجود - تساتر وهدايا و1290,,260855,555 EDC 250M#,,Done,10000522,23/09/2026,14:57:25,,
NonPharma,raOLChQLyA,مراجعة اماكن وجود - تساتر وهدايا و1290,,2706057,ADORE CATALOG,,Done,10000522,23/09/2026,14:57:25,,
NonPharma,raOLChQLyA,مراجعة اماكن وجود - تساتر وهدايا و1290,,2700552,B.C CEN BABY YOU&ME STROLLER/B692L™,,Done,10000522,23/09/2026,14:57:25,,
NonPharma,raOLChQLyA,مراجعة اماكن وجود - تساتر وهدايا و1290,,2706082,BELLA CATALOG,,Done,10000522,23/09/2026,14:57:25,,
NonPharma,raOLChQLyA,مراجعة اماكن وجود - تساتر وهدايا و1290,,282058,CRUTCH ATTACHED REF/937L™▓,,Done,10000522,23/09/2026,14:57:25,,
NonPharma,raOLChQLyA,مراجعة اماكن وجود - تساتر وهدايا و1290,,2706043,DESIO CATALOG,,Done,10000522,23/09/2026,14:57:25,,
NonPharma,raOLChQLyA,مراجعة اماكن وجود - تساتر وهدايا و1290,,2706197,GARNIER HR COLOR CATALOG,,Done,10000522,23/09/2026,14:57:25,,
NonPharma,raOLChQLyA,مراجعة اماكن وجود - تساتر وهدايا و1290,,2705825,GIFT ALWAYS BOX#,,Done,10000522,23/09/2026,14:57:25,,
NonPharma,raOLChQLyA,مراجعة اماكن وجود - تساتر وهدايا و1290,,2701557,GIFT AMANDA NAIL POLISH,,Done,10000522,23/09/2026,14:57:25,,
NonPharma,raOLChQLyA,مراجعة اماكن وجود - تساتر وهدايا و1290,,2701065,GIFT AVENE KIDS FLOATER#,,Done,10000522,23/09/2026,14:57:25,,
NonPharma,raOLChQLyA,مراجعة اماكن وجود - تساتر وهدايا و1290,,2701191,GIFT AVENT,,Done,10000522,23/09/2026,14:57:25,,
NonPharma,raOLChQLyA,مراجعة اماكن وجود - تساتر وهدايا و1290,,2701559,GIFT AXE BAG,,Done,10000522,23/09/2026,14:57:25,,
NonPharma,raOLChQLyA,مراجعة اماكن وجود - تساتر وهدايا و1290,,2708702,GIFT GLAMYLAB HAND BAG SMALL,,Done,10000522,23/09/2026,14:57:25,,
NonPharma,raOLChQLyA,مراجعة اماكن وجود - تساتر وهدايا و1290,,2701558,GIFT HERO BABY CEREALS,,Done,10000522,23/09/2026,14:57:25,,
NonPharma,raOLChQLyA,مراجعة اماكن وجود - تساتر وهدايا و1290,,2705947,GIFT HERO BABY DISH,,Done,10000522,23/09/2026,14:57:25,,
NonPharma,raOLChQLyA,مراجعة اماكن وجود - تساتر وهدايا و1290,,2701485,GIFT HI BEBE BAG SET,,Done,10000522,23/09/2026,14:57:25,,
NonPharma,raOLChQLyA,مراجعة اماكن وجود - تساتر وهدايا و1290,,2701515,GIFT JOHNSON MAKE UP BAG,,Done,10000522,23/09/2026,14:57:25,,
NonPharma,raOLChQLyA,مراجعة اماكن وجود - تساتر وهدايا و1290,,2701538,GIFT KISS LASH,,Done,10000522,23/09/2026,14:57:25,,
NonPharma,raOLChQLyA,مراجعة اماكن وجود - تساتر وهدايا و1290,,3703116,GIFT LIMITLESS HAND STRAP▓,,Done,10000522,23/09/2026,14:57:25,,
NonPharma,raOLChQLyA,مراجعة اماكن وجود - تساتر وهدايا و1290,,3703115,GIFT LIMITLESS SHAKER BOTTLE 600ML▓,,Done,10000522,23/09/2026,14:57:25,,
NonPharma,raOLChQLyA,مراجعة اماكن وجود - تساتر وهدايا و1290,,2705578,GIFT NEUTROGENA BLACK BAG#,,Done,10000522,23/09/2026,14:57:25,,
NonPharma,raOLChQLyA,مراجعة اماكن وجود - تساتر وهدايا و1290,,2705579,GIFT NEUTROGENA MUG#,,Done,10000522,23/09/2026,14:57:25,,
NonPharma,raOLChQLyA,مراجعة اماكن وجود - تساتر وهدايا و1290,,3210972,GIFT NOVOGEN BAG▓,,Done,10000522,23/09/2026,14:57:25,,
NonPharma,raOLChQLyA,مراجعة اماكن وجود - تساتر وهدايا و1290,,3210973,GIFT NOVOGEN SHAKER BOTTLE 700ML▓,,Done,10000522,23/09/2026,14:57:25,,
NonPharma,raOLChQLyA,مراجعة اماكن وجود - تساتر وهدايا و1290,,2706721,GIFT NUK BOTTLE 150ML 0-6M/539,,Done,10000522,23/09/2026,14:57:25,,
NonPharma,raOLChQLyA,مراجعة اماكن وجود - تساتر وهدايا و1290,,2701130,GIFT RENU LENSES SOLUTION,,Done,10000522,23/09/2026,14:57:25,,
NonPharma,raOLChQLyA,مراجعة اماكن وجود - تساتر وهدايا و1290,,2701236,GIFT REXONA CAP,,Done,10000522,23/09/2026,14:57:25,,
NonPharma,raOLChQLyA,مراجعة اماكن وجود - تساتر وهدايا و1290,,2701196,GIFT REXONA&CLEAR HAND BAG,,Done,10000522,23/09/2026,14:57:25,,
NonPharma,raOLChQLyA,مراجعة اماكن وجود - تساتر وهدايا و1290,,2708879,GIFT SIGNAL WHITE NOW T.PASTE 20M,,Done,10000522,23/09/2026,14:57:25,,
NonPharma,raOLChQLyA,مراجعة اماكن وجود - تساتر وهدايا و1290,,3208505,LASCAR SILICONE(SCARS) 2X60GM GEL(1+1)@▓,,Done,10000522,23/09/2026,14:57:25,,
NonPharma,raOLChQLyA,مراجعة اماكن وجود - تساتر وهدايا و1290,,2706090,LYDIA CATALOG,,Done,10000522,23/09/2026,14:57:25,,
NonPharma,raOLChQLyA,مراجعة اماكن وجود - تساتر وهدايا و1290,,2706199,PALETTE HR COLOR CATALOG#,,Done,10000522,23/09/2026,14:57:25,,
NonPharma,raOLChQLyA,مراجعة اماكن وجود - تساتر وهدايا و1290,,5803,TS ADIDAS GET READY EDT F/M 100M,,Done,10000522,23/09/2026,14:57:25,,
NonPharma,raOLChQLyA,مراجعة اماكن وجود - تساتر وهدايا و1290,,6251,TS BOSS HUGO T.SCENT INTENSE EDP F/M100M,,Done,10000522,23/09/2026,14:57:25,,
NonPharma,raOLChQLyA,مراجعة اماكن وجود - تساتر وهدايا و1290,,5636,TS BURBERRY WEEK END E.D.P F/W 100ML,,Done,10000522,23/09/2026,14:57:25,,
NonPharma,raOLChQLyA,مراجعة اماكن وجود - تساتر وهدايا و1290,,2001,TS BURBERRY WEEK END E.D.T F/M 100ML,,Done,10000522,23/09/2026,14:57:25,,
NonPharma,raOLChQLyA,مراجعة اماكن وجود - تساتر وهدايا و1290,,6244,TS C.HERRERA 212 VIP BLACK EDP F/M 100M,,Done,10000522,23/09/2026,14:57:25,,
NonPharma,raOLChQLyA,مراجعة اماكن وجود - تساتر وهدايا و1290,,6279,TS C.HERRERA GOOD GIRL LEGERE EDP F/W80M,,Done,10000522,23/09/2026,14:57:25,,
NonPharma,raOLChQLyA,مراجعة اماكن وجود - تساتر وهدايا و1290,,5557,TS CAROLINA HERRERA(NYC)212 EDT F/W 100M,,Done,10000522,23/09/2026,14:57:25,,
NonPharma,raOLChQLyA,مراجعة اماكن وجود - تساتر وهدايا و1290,,6.29111E+12,TS CLOUD VANILLA CLOUD HR&BODY MIST 250M,,Done,10000522,23/09/2026,14:57:25,,
NonPharma,raOLChQLyA,مراجعة اماكن وجود - تساتر وهدايا و1290,,6.29111E+12,TS CLOUD WHIPPED CLOUD HR&BODY MIST 250M,,Done,10000522,23/09/2026,14:57:25,,
NonPharma,raOLChQLyA,مراجعة اماكن وجود - تساتر وهدايا و1290,,69744,TS DERMATIQUE CONCEALER NEU.MEDIUM 10/8M,,Done,10000522,23/09/2026,14:57:25,,
NonPharma,raOLChQLyA,مراجعة اماكن وجود - تساتر وهدايا و1290,,69743,TS DERMATIQUE CONCEALER WARM LIGHT 10/8M,,Done,10000522,23/09/2026,14:57:25,,
NonPharma,raOLChQLyA,مراجعة اماكن وجود - تساتر وهدايا و1290,,70011,TS EIGHTEEN PLUS NAUG.GIR.B.SPLASH 253M,,Done,10000522,23/09/2026,14:57:25,,
NonPharma,raOLChQLyA,مراجعة اماكن وجود - تساتر وهدايا و1290,,70012,TS EIGHTEEN PLUS POMEG.SEC.B.SPLASH 253M,,Done,10000522,23/09/2026,14:57:25,,
NonPharma,raOLChQLyA,مراجعة اماكن وجود - تساتر وهدايا و1290,,70013,TS EIGHTEEN PLUS VANI.COCO.B.SPLASH 253M,,Done,10000522,23/09/2026,14:57:25,,
NonPharma,raOLChQLyA,مراجعة اماكن وجود - تساتر وهدايا و1290,,5758,TS ELANZIA MERV.AMOUR INTENSE EDP F/W100,,Done,10000522,23/09/2026,14:57:25,,
NonPharma,raOLChQLyA,مراجعة اماكن وجود - تساتر وهدايا و1290,,69808,TS ELODE RICH EDT F/M 100M,,Done,10000522,23/09/2026,14:57:25,,
NonPharma,raOLChQLyA,مراجعة اماكن وجود - تساتر وهدايا و1290,,69625,TS ELODE SO LOVELY EDP F/W 100M,,Done,10000522,23/09/2026,14:57:25,,
NonPharma,raOLChQLyA,مراجعة اماكن وجود - تساتر وهدايا و1290,,5873,TS FCB BARCELONA BLACK EDT F/M 100M,,Done,10000522,23/09/2026,14:57:25,,
NonPharma,raOLChQLyA,مراجعة اماكن وجود - تساتر وهدايا و1290,,5596,TS FCB BARCELONA E.D.T F/M 100ML,,Done,10000522,23/09/2026,14:57:25,,
NonPharma,raOLChQLyA,مراجعة اماكن وجود - تساتر وهدايا و1290,,69632,TS FOGG PARADISE PERFUME SP.F/W 120M,,Done,10000522,23/09/2026,14:57:25,,
NonPharma,raOLChQLyA,مراجعة اماكن وجود - تساتر وهدايا و1290,,6308,TS GIRLY TALK BLINK EDT F/W 50M,,Done,10000522,23/09/2026,14:57:25,,
NonPharma,raOLChQLyA,مراجعة اماكن وجود - تساتر وهدايا و1290,,6310,TS GIRLY TALK GOSSIP EDT F/W 50M,,Done,10000522,23/09/2026,14:57:25,,
NonPharma,raOLChQLyA,مراجعة اماكن وجود - تساتر وهدايا و1290,,522236,TS GIVENCHY BAY NEO E.D.T 100ML,,Done,10000522,23/09/2026,14:57:25,,
NonPharma,raOLChQLyA,مراجعة اماكن وجود - تساتر وهدايا و1290,,5724,TS GIVENCHY BE GIVENCHY EDT F/M 100M,,Done,10000522,23/09/2026,14:57:25,,
NonPharma,raOLChQLyA,مراجعة اماكن وجود - تساتر وهدايا و1290,,5818,TS GMV SPORT EDT F/M 100M,,Done,10000522,23/09/2026,14:57:25,,
NonPharma,raOLChQLyA,مراجعة اماكن وجود - تساتر وهدايا و1290,,6039,TS GRANDEUR ELITE RIVIERA EDP F/W 100M,,Done,10000522,23/09/2026,14:57:25,,
NonPharma,raOLChQLyA,مراجعة اماكن وجود - تساتر وهدايا و1290,,6036,TS GRANDEUR INTENSE CRAZY EDP F/M 100M,,Done,10000522,23/09/2026,14:57:25,,
NonPharma,raOLChQLyA,مراجعة اماكن وجود - تساتر وهدايا و1290,,69825,TS GT BLACK EDITION EDT F/M 100M,,Done,10000522,23/09/2026,14:57:25,,
NonPharma,raOLChQLyA,مراجعة اماكن وجود - تساتر وهدايا و1290,,69827,TS GT RACING EDT F/M 100M,,Done,10000522,23/09/2026,14:57:25,,
NonPharma,raOLChQLyA,مراجعة اماكن وجود - تساتر وهدايا و1290,,69826,TS GT SPORT EDT F/M 100M,,Done,10000522,23/09/2026,14:57:25,,
NonPharma,raOLChQLyA,مراجعة اماكن وجود - تساتر وهدايا و1290,,5982,TS GUCCI GUILTY EDT F/M 90M,,Done,10000522,23/09/2026,14:57:25,,
NonPharma,raOLChQLyA,مراجعة اماكن وجود - تساتر وهدايا و1290,,5972,TS GUCCI PREMIER BY GUCCI EDT F/W 75M,,Done,10000522,23/09/2026,14:57:25,,
NonPharma,raOLChQLyA,مراجعة اماكن وجود - تساتر وهدايا و1290,,6297,TS ZAK VINTAGE PERFUME SP.F/M 175M,,Done,10000522,23/09/2026,14:57:25,,
NonPharma,raOLChQLyA,مراجعة اماكن وجود - تساتر وهدايا و1290,,69994,TS ZAK WILDER EDT F/M 175M,,Done,10000522,23/09/2026,14:57:25,,
NonPharma,raOLChQLyA,مراجعة اماكن وجود - تساتر وهدايا و1290,,281922,WALKER ROLLATOR REF/965LH™▓,,Done,10000522,23/09/2026,14:57:25,,
NonPharma,raOLChQLyA,مراجعة اماكن وجود - تساتر وهدايا و1290,,2701471,WHEELCHAIR W/OUT TOILET REF/209-AE-61™▓,,Done,10000522,23/09/2026,14:57:25,,
NonPharma,raOLChQLyA,مراجعة اماكن وجود - تساتر وهدايا و1290,,2705972,WHEELCHAIR W/OUT TOILET REF/903LAJPQF9™▓,,Done,10000522,23/09/2026,14:57:25,,
NonPharma,VjWXBRl6ci,مراجعة اماكن وجود - ترانزيت,,8.03286E+12,ADORE PEARL COLOR LENSES GREY,,,,,,,
NonPharma,VjWXBRl6ci,مراجعة اماكن وجود - ترانزيت,,5.90763E+12,AQUA MASSAGE KIDS SOFT SPONGE /608116,,,,,,,
NonPharma,VjWXBRl6ci,مراجعة اماكن وجود - ترانزيت,,8.00899E+12,AQUA MASSAGE SENS.EX.GENTLE MITT /956,,,,,,,
NonPharma,VjWXBRl6ci,مراجعة اماكن وجود - ترانزيت,,74764471161,ARDELL DOUBLE UP BLACK /203#,,,,,,,
NonPharma,VjWXBRl6ci,مراجعة اماكن وجود - ترانزيت,,74764407108,ARDELL DURALASH FLARE SHORT BLACK,,,,,,,
NonPharma,VjWXBRl6ci,مراجعة اماكن وجود - ترانزيت,,74764608109,ARDELL FASHION NAT.LASHES BLACK/108,,,,,,,
NonPharma,VjWXBRl6ci,مراجعة اماكن وجود - ترانزيت,,74764625106,ARDELL NATURAL LASHES BLACK/125,,,,,,,
NonPharma,VjWXBRl6ci,مراجعة اماكن وجود - ترانزيت,,74764680259,ARDELL STRIP LASHES CLEAR ADHESIVE 7G,,,,,,,
NonPharma,VjWXBRl6ci,مراجعة اماكن وجود - ترانزيت,,74764652461,ARDELL STUDIO EFFECTS WISPIES#,,,,,,,
NonPharma,VjWXBRl6ci,مراجعة اماكن وجود - ترانزيت,,8.72069E+12,AVENT NAT.RESP.FEED.BOT.(1M+)260M/SCY903,,,,,,,
NonPharma,VjWXBRl6ci,مراجعة اماكن وجود - ترانزيت,,8.72069E+12,AVENT NAT.RESP.FEED.BOT.(3M+)330M/SCY903,,,,,,,
NonPharma,VjWXBRl6ci,مراجعة اماكن وجود - ترانزيت,,8.72069E+12,AVENT NAT.RESPONSE TEAT(1M+)2PC/SCY963,,,,,,,
NonPharma,VjWXBRl6ci,مراجعة اماكن وجود - ترانزيت,,8.72069E+12,AVENT NAT.RESPONSE TEAT(3M+)2PC/SCY964,,,,,,,
NonPharma,VjWXBRl6ci,مراجعة اماكن وجود - ترانزيت,,8.72069E+12,AVENT NAT.RESPONSE TEAT(6M+)2PC/SCY965,,,,,,,
NonPharma,VjWXBRl6ci,مراجعة اماكن وجود - ترانزيت,,8.7101E+12,AVENT U.A.HAPP.SOOT.(0-6)M 2P/SCF080/02#,,,,,,,
NonPharma,VjWXBRl6ci,مراجعة اماكن وجود - ترانزيت,,8.7101E+12,AVENT U.A.HAPPY SOOT.(0-6)M 2P/SCF080/01,,,,,,,
NonPharma,VjWXBRl6ci,مراجعة اماكن وجود - ترانزيت,,2702021,BELLA DIAMOND COLOR LENSES ALLURE BLONDE,,,,,,,
NonPharma,VjWXBRl6ci,مراجعة اماكن وجود - ترانزيت,,2702020,BELLA DIAMOND COLOR LENSES GRAY GREEN,,,,,,,
NonPharma,VjWXBRl6ci,مراجعة اماكن وجود - ترانزيت,,2704355,BELLA ELITE COLOR LENSES GRAY BEIGE,,,,,,,
NonPharma,VjWXBRl6ci,مراجعة اماكن وجود - ترانزيت,,2704361,BELLA ELITE COLOR LENSES SANDY GRAY,,,,,,,
NonPharma,VjWXBRl6ci,مراجعة اماكن وجود - ترانزيت,,2706098,BELLA ELITE COLOR LENSES SILKY GRAY,,,,,,,
NonPharma,VjWXBRl6ci,مراجعة اماكن وجود - ترانزيت,,2702053,BELLA GLOW COLOR LENSES RADIANT HAZELNUT,,,,,,,
NonPharma,VjWXBRl6ci,مراجعة اماكن وجود - ترانزيت,,2708764,BELLA ONE DAY COLOR C.LENSES ALMON.BROWN,,,,,,,
NonPharma,VjWXBRl6ci,مراجعة اماكن وجود - ترانزيت,,2706002,BELLA ONE DAY COLOR C.LENSES BLUISH GRAY,,,,,,,
NonPharma,VjWXBRl6ci,مراجعة اماكن وجود - ترانزيت,,8.41212E+12,BETER CUSHION BRUSH/03242,,,,,,,
NonPharma,VjWXBRl6ci,مراجعة اماكن وجود - ترانزيت,,6.224E+12,BG LONG LASTING CONCEALER 9M/107#,,,,,,,
NonPharma,VjWXBRl6ci,مراجعة اماكن وجود - ترانزيت,,6.22401E+12,BODYLICIOUS PURE SEDUCT.B.MIST F/W 100M#,,,,,,,
NonPharma,VjWXBRl6ci,مراجعة اماكن وجود - ترانزيت,,6.224E+12,BODYLICIOUS TOA.VAN.BEAN B.MIST F/W217M#,,,,,,,
NonPharma,VjWXBRl6ci,مراجعة اماكن وجود - ترانزيت,,1.96007E+11,BONITA POWDER PUFF 1PCS /18T\PL#,,,,,,,
NonPharma,VjWXBRl6ci,مراجعة اماكن وجود - ترانزيت,,3.61631E+12,BOURJOIS ALWAYS AIR MAT 24H FOUND./03,,,,,,,
NonPharma,VjWXBRl6ci,مراجعة اماكن وجود - ترانزيت,,3.61631E+12,BOURJOIS CONTOUR CLUBBING W.P./74,,,,,,,
NonPharma,VjWXBRl6ci,مراجعة اماكن وجود - ترانزيت,,3.6163E+12,BOURJOIS CONTOUR CLUBBING W.P/70,,,,,,,
NonPharma,VjWXBRl6ci,مراجعة اماكن وجود - ترانزيت,,3.6163E+12,BOURJOIS VELVET THE PENCIL LIPSTICK/02,,,,,,,
NonPharma,VjWXBRl6ci,مراجعة اماكن وجود - ترانزيت,,4.2102E+12,BRAUN FACE MINI EPIL.+CL.BRUSH/830#,,,,,,,
NonPharma,VjWXBRl6ci,مراجعة اماكن وجود - ترانزيت,,6.7723E+12,BUBBLES FRUIT TEETHER,,,,,,,
NonPharma,VjWXBRl6ci,مراجعة اماكن وجود - ترانزيت,,6.7723E+12,BUBBLES NATURAL BOTTLE W.HAND(4)M 150M,,,,,,,
NonPharma,VjWXBRl6ci,مراجعة اماكن وجود - ترانزيت,,6.7723E+12,BUBBLES NATURAL BOTTLE WHITE(0)M 150M,,,,,,,
NonPharma,VjWXBRl6ci,مراجعة اماكن وجود - ترانزيت,,6.7723E+12,BUBBLES NATURAL CUP 2IN1 W/HAND 280M,,,,,,,
NonPharma,VjWXBRl6ci,مراجعة اماكن وجود - ترانزيت,,6.7723E+12,BUBBLES SOOTHER#,,,,,,,
NonPharma,VjWXBRl6ci,مراجعة اماكن وجود - ترانزيت,,6.22401E+12,C2C LIFT.SPF(30) SK SMOOTH.CONCEALER/203,,,,,,,
NonPharma,VjWXBRl6ci,مراجعة اماكن وجود - ترانزيت,,5.90341E+12,CANPOL BOTTLE & TEATS BRUSH 2/413#,,,,,,,
NonPharma,VjWXBRl6ci,مراجعة اماكن وجود - ترانزيت,,5.90341E+12,CANPOL BOTTLE&TEAT BRUSH /56-122#,,,,,,,
NonPharma,VjWXBRl6ci,مراجعة اماكن وجود - ترانزيت,,5.90341E+12,CANPOL SILIC.SOOTHER(0-6M)/22-416,,,,,,,
NonPharma,VjWXBRl6ci,مراجعة اماكن وجود - ترانزيت,,5.90341E+12,CANPOL SOFT SILIC.SPOON 21/488#,,,,,,,
NonPharma,VjWXBRl6ci,مراجعة اماكن وجود - ترانزيت,,5.90341E+12,CANPOL SOOTHER HOLDER(+0M)/10-890#,,,,,,,
NonPharma,VjWXBRl6ci,مراجعة اماكن وجود - ترانزيت,,5.90341E+12,CANPOL SPILL SPORT CUP /56-510#,,,,,,,
NonPharma,VjWXBRl6ci,مراجعة اماكن وجود - ترانزيت,,8.05866E+12,CHICCO NAT.FEEL.BOT.PINK(0+)M150M/002116,,,,,,,
NonPharma,VjWXBRl6ci,مراجعة اماكن وجود - ترانزيت,,6.22401E+12,CLEO MAKEUP HYA A.SPF30MATTE FOU.30M/02#,,,,,,,
NonPharma,VjWXBRl6ci,مراجعة اماكن وجود - ترانزيت,,25929212167,COLOUR ME AZURE  EDP F/M 100M,,,,,,,
NonPharma,VjWXBRl6ci,مراجعة اماكن وجود - ترانزيت,,6.22111E+12,CYBELE 12 HOURS STAY LIPSTICK/13#,,,,,,,
NonPharma,VjWXBRl6ci,مراجعة اماكن وجود - ترانزيت,,6.22111E+12,CYBELE DESIR.S.STAY S.MATTE LIPSTICK/05#,,,,,,,
NonPharma,VjWXBRl6ci,مراجعة اماكن وجود - ترانزيت,,6.223E+12,DENTI FLEXIBLE T.BRUSH HARD\PL,,,,,,,
NonPharma,VjWXBRl6ci,مراجعة اماكن وجود - ترانزيت,,6.223E+12,DENTI FLEXIBLE T.BRUSH MEDIUM\PL,,,,,,,
NonPharma,VjWXBRl6ci,مراجعة اماكن وجود - ترانزيت,,6.223E+12,DENTI FLEXIBLE T.BRUSH SOFT\PL,,,,,,,
NonPharma,VjWXBRl6ci,مراجعة اماكن وجود - ترانزيت,,1.96008E+12,DENTI KIDS FAIRY T.BRUSH SOFT(+4)\PL,,,,,,,
NonPharma,VjWXBRl6ci,مراجعة اماكن وجود - ترانزيت,,6.223E+12,DENTI WHITENING T.BRUSH HARD\PL,,,,,,,
NonPharma,VjWXBRl6ci,مراجعة اماكن وجود - ترانزيت,,6.223E+12,DENTI WHITENING T.BRUSH MEDIUM\PL,,,,,,,
NonPharma,VjWXBRl6ci,مراجعة اماكن وجود - ترانزيت,,6.223E+12,DENTIVIVE RUBBER INTERDENTAL BRUSH 10PCS,,,,,,,
NonPharma,VjWXBRl6ci,مراجعة اماكن وجود - ترانزيت,,6.22401E+12,DERMA Z M.BL.CONC.SPF(30+)W.LIGHT(1)10M#,,,,,,,
NonPharma,VjWXBRl6ci,مراجعة اماكن وجود - ترانزيت,,6.22401E+12,DERMATIQUE CO.FOUND.(SPF30)LIG.IVORY30M#,,,,,,,
NonPharma,VjWXBRl6ci,مراجعة اماكن وجود - ترانزيت,,8.057E+12,DESIO ATTITUDE 90DAY C.C.LENS CHA.GREEN#,,,,,,,
NonPharma,VjWXBRl6ci,مراجعة اماكن وجود - ترانزيت,,73930568971,DUO INDIVIDUAL LASH ADHESIVE DARK 7G,,,,,,,
NonPharma,VjWXBRl6ci,مراجعة اماكن وجود - ترانزيت,,73930680109,DUO STRIPLASH ADHESIVE WHITE/CLEAR 7G,,,,,,,
NonPharma,VjWXBRl6ci,مراجعة اماكن وجود - ترانزيت,,6.22401E+12,ELLE NAIL POLISH 14M/104,,,,,,,
NonPharma,VjWXBRl6ci,مراجعة اماكن وجود - ترانزيت,,6.22301E+12,ELLE NAIL POLISH 14M/208,,,,,,,
NonPharma,VjWXBRl6ci,مراجعة اماكن وجود - ترانزيت,,6.22401E+12,ELLE NAIL POLISH 14M/301,,,,,,,
NonPharma,VjWXBRl6ci,مراجعة اماكن وجود - ترانزيت,,6.22401E+12,ELLE NAIL POLISH 14M/403,,,,,,,
NonPharma,VjWXBRl6ci,مراجعة اماكن وجود - ترانزيت,,6.22401E+12,ELLE NAIL POLISH 14M/407,,,,,,,
NonPharma,VjWXBRl6ci,مراجعة اماكن وجود - ترانزيت,,6.22301E+12,ELLE NAIL POLISH 14M/411,,,,,,,
NonPharma,VjWXBRl6ci,مراجعة اماكن وجود - ترانزيت,,6.22401E+12,ELLE NAIL POLISH 14M/708,,,,,,,
NonPharma,VjWXBRl6ci,مراجعة اماكن وجود - ترانزيت,,6.22401E+12,ELLE NAIL POLISH 14M/808,,,,,,,
NonPharma,VjWXBRl6ci,مراجعة اماكن وجود - ترانزيت,,6.22401E+12,ELLE NAIL POLISH 14M/910,,,,,,,
NonPharma,VjWXBRl6ci,مراجعة اماكن وجود - ترانزيت,,6.22401E+12,ELLE NAIL POLISH 14M/911,,,,,,,
NonPharma,VjWXBRl6ci,مراجعة اماكن وجود - ترانزيت,,6.22401E+12,ELLE NAIL POLISH 14M/H1,,,,,,,
NonPharma,VjWXBRl6ci,مراجعة اماكن وجود - ترانزيت,,6.22301E+12,ERA NAIL POLISH 13M/104,,,,,,,
NonPharma,VjWXBRl6ci,مراجعة اماكن وجود - ترانزيت,,6.22301E+12,ERA NAIL POLISH 13M/119,,,,,,,
NonPharma,VjWXBRl6ci,مراجعة اماكن وجود - ترانزيت,,6.22301E+12,ERA NAIL POLISH 13M/127,,,,,,,
NonPharma,VjWXBRl6ci,مراجعة اماكن وجود - ترانزيت,,6.22301E+12,ERA NAIL POLISH 13M/143,,,,,,,
NonPharma,VjWXBRl6ci,مراجعة اماكن وجود - ترانزيت,,6.22301E+12,ERA NAIL POLISH 13M/145,,,,,,,
NonPharma,VjWXBRl6ci,مراجعة اماكن وجود - ترانزيت,,6.22301E+12,ERA NAIL POLISH 13M/161,,,,,,,
NonPharma,VjWXBRl6ci,مراجعة اماكن وجود - ترانزيت,,4.05973E+12,ESSENCE BLUSH CRUSH! POWD./70,,,,,,,
NonPharma,VjWXBRl6ci,مراجعة اماكن وجود - ترانزيت,,4.05973E+12,ESSENCE EXTREME SHINE VOLUM.LIP GLOSS/01,,,,,,,
NonPharma,VjWXBRl6ci,مراجعة اماكن وجود - ترانزيت,,4.05973E+12,ESSENCE EXTREME SHINE VOLUM.LIPGLOSS/11,,,,,,,
NonPharma,VjWXBRl6ci,مراجعة اماكن وجود - ترانزيت,,4.05973E+12,ESSENCE HYDRA KISS LIP OIL/06,,,,,,,
NonPharma,VjWXBRl6ci,مراجعة اماكن وجود - ترانزيت,,4.05973E+12,ESSENCE HYDRA KISS LIP OIL/08,,,,,,,
NonPharma,VjWXBRl6ci,مراجعة اماكن وجود - ترانزيت,,4.25095E+12,ESSENCE I LOVE EXTR.VOL.MASC.W.PROOF,,,,,,,
NonPharma,VjWXBRl6ci,مراجعة اماكن وجود - ترانزيت,,4.05973E+12,ESSENCE JUICY BOMB GLOSSY BUTTER BALM/02,,,,,,,
NonPharma,VjWXBRl6ci,مراجعة اماكن وجود - ترانزيت,,4.05973E+12,ESSENCE JUICY BOMB GLOSSY BUTTER BALM/03,,,,,,,
NonPharma,VjWXBRl6ci,مراجعة اماكن وجود - ترانزيت,,4.05973E+12,ESSENCE JUICY BOMB SHINY LIPGLOSS/102,,,,,,,
NonPharma,VjWXBRl6ci,مراجعة اماكن وجود - ترانزيت,,4.05973E+12,ESSENCE JUICY BOMB SHINY LIPGLOSS/103,,,,,,,
NonPharma,VjWXBRl6ci,مراجعة اماكن وجود - ترانزيت,,4.05973E+12,ESSENCE JUICY MELON TINTED LIP&CHEE.BALM,,,,,,,
NonPharma,VjWXBRl6ci,مراجعة اماكن وجود - ترانزيت,,4.25004E+12,ESSENCE KAJAL PENCIL EYE LINER/01,,,,,,,
NonPharma,VjWXBRl6ci,مراجعة اماكن وجود - ترانزيت,,4.25004E+12,ESSENCE LASH BROW GEL MASC.,,,,,,,
NonPharma,VjWXBRl6ci,مراجعة اماكن وجود - ترانزيت,,4.05973E+12,ESSENCE LASH PRINCESS CURL&VOLUM.MASC.,,,,,,,
NonPharma,VjWXBRl6ci,مراجعة اماكن وجود - ترانزيت,,4.25123E+12,ESSENCE LASH PRINCESS SCULPTED VOL.MASC.,,,,,,,
NonPharma,VjWXBRl6ci,مراجعة اماكن وجود - ترانزيت,,4.05973E+12,ESSENCE STAY&PLAY GEL EYELINER/01,,,,,,,
NonPharma,VjWXBRl6ci,مراجعة اماكن وجود - ترانزيت,,4.25123E+12,ESSENCE SUPERL.24H EYEBROW POMAD.PEN./20,,,,,,,
NonPharma,VjWXBRl6ci,مراجعة اماكن وجود - ترانزيت,,4.25123E+12,ESSENCE SUPERL.24H EYEBROW POMAD.PEN./30,,,,,,,
NonPharma,VjWXBRl6ci,مراجعة اماكن وجود - ترانزيت,,4.05973E+12,ESSENCE WHAT THE FAKE E.PLUM.LIP FILLER,,,,,,,
NonPharma,VjWXBRl6ci,مراجعة اماكن وجود - ترانزيت,,6.22202E+12,HEALTHY POTTY#,,,,,,,
NonPharma,VjWXBRl6ci,مراجعة اماكن وجود - ترانزيت,,8.00308E+11,KINETICS SOLARGEL NAIL POLISH/031,,,,,,,
NonPharma,VjWXBRl6ci,مراجعة اماكن وجود - ترانزيت,,8.00308E+11,KINETICS SOLARGEL NAIL POLISH/335,,,,,,,
NonPharma,VjWXBRl6ci,مراجعة اماكن وجود - ترانزيت,,8.00308E+11,KINETICS SOLARGEL NAIL POLISH/385,,,,,,,
NonPharma,VjWXBRl6ci,مراجعة اماكن وجود - ترانزيت,,8.00308E+11,KINETICS SOLARGEL NAIL POLISH/386,,,,,,,
NonPharma,VjWXBRl6ci,مراجعة اماكن وجود - ترانزيت,,4.75221E+12,KINETICS SOLARGEL NAIL POLISH/423,,,,,,,
NonPharma,VjWXBRl6ci,مراجعة اماكن وجود - ترانزيت,,4.75221E+12,KINETICS SOLARGEL NAIL POLISH/427,,,,,,,
NonPharma,VjWXBRl6ci,مراجعة اماكن وجود - ترانزيت,,4.75221E+12,KINETICS SOLARGEL NAIL POLISH/428,,,,,,,
NonPharma,VjWXBRl6ci,مراجعة اماكن وجود - ترانزيت,,4.75221E+12,KINETICS SOLARGEL NAIL POLISH/459,,,,,,,
NonPharma,VjWXBRl6ci,مراجعة اماكن وجود - ترانزيت,,4.75221E+12,KINETICS SOLARGEL NAIL POLISH/498,,,,,,,
NonPharma,VjWXBRl6ci,مراجعة اماكن وجود - ترانزيت,,4.75221E+12,KINETICS SOLARGEL NAIL POLISH/533,,,,,,,
NonPharma,VjWXBRl6ci,مراجعة اماكن وجود - ترانزيت,,4.75221E+12,KINETICS SOLARGEL NAIL POLISH/614,,,,,,,
NonPharma,VjWXBRl6ci,مراجعة اماكن وجود - ترانزيت,,4.75221E+12,KINETICS SOLARGEL NAIL POLISH/619,,,,,,,
NonPharma,VjWXBRl6ci,مراجعة اماكن وجود - ترانزيت,,4.75221E+12,KINETICS SOLARGEL NAIL POLISH/652,,,,,,,
NonPharma,VjWXBRl6ci,مراجعة اماكن وجود - ترانزيت,,4.75221E+12,KINETICS SOLARGEL NAIL POLISH/653,,,,,,,
NonPharma,VjWXBRl6ci,مراجعة اماكن وجود - ترانزيت,,7.3151E+11,KISS DESIGN NAILS 24PCS/KODN01,,,,,,,
NonPharma,VjWXBRl6ci,مراجعة اماكن وجود - ترانزيت,,7.3151E+11,KISS GEL FANTASY NAILS 24PCS/KGN02,,,,,,,
NonPharma,VjWXBRl6ci,مراجعة اماكن وجود - ترانزيت,,7.3151E+11,KISS GEL FANTASY NAILS 28PCS /FC13C,,,,,,,
NonPharma,VjWXBRl6ci,مراجعة اماكن وجود - ترانزيت,,7.3151E+11,KISS GEL FANTASY NAILS 28PCS/KGN20,,,,,,,
NonPharma,VjWXBRl6ci,مراجعة اماكن وجود - ترانزيت,,7.3151E+11,KISS IMPRESS COLOR NAILS 30PCS/IMC505C,,,,,,,
NonPharma,VjWXBRl6ci,مراجعة اماكن وجود - ترانزيت,,7.3151E+11,KISS IMPRESS COLOR NAILS 30PCS/KIMC002C,,,,,,,
NonPharma,VjWXBRl6ci,مراجعة اماكن وجود - ترانزيت,,7.3151E+11,KISS IMPRESS COLOR NAILS 30PCS/KIMC008C,,,,,,,
NonPharma,VjWXBRl6ci,مراجعة اماكن وجود - ترانزيت,,7.3151E+11,KISS IMPRESS COLOR NAILS 30PCS/KIMC013C,,,,,,,
NonPharma,VjWXBRl6ci,مراجعة اماكن وجود - ترانزيت,,7.3151E+11,KISS IMPRESS COLOR NAILS 30PCS/KIMC019C,,,,,,,
NonPharma,VjWXBRl6ci,مراجعة اماكن وجود - ترانزيت,,7.3151E+11,KISS IMPRESS COLOR NAILS 30PCS/KIMC020C,,,,,,,
NonPharma,VjWXBRl6ci,مراجعة اماكن وجود - ترانزيت,,7.3151E+11,KISS IMPRESS COLOR NAILS 30PCS/KIMC021C#,,,,,,,
NonPharma,VjWXBRl6ci,مراجعة اماكن وجود - ترانزيت,,7.3151E+11,KISS IMPRESS NAILS 30PCS/IFC01C#,,,,,,,
NonPharma,VjWXBRl6ci,مراجعة اماكن وجود - ترانزيت,,7.3151E+11,KISS IMPRESS NAILS 30PCS/IM46C,,,,,,,
NonPharma,VjWXBRl6ci,مراجعة اماكن وجود - ترانزيت,,7.3151E+11,KISS IMPRESS NAILS 30PCS/IMM29C#,,,,,,,
NonPharma,VjWXBRl6ci,مراجعة اماكن وجود - ترانزيت,,7.3151E+11,KISS IMPRESS NAILS 30PCS/KIM005C,,,,,,,
NonPharma,VjWXBRl6ci,مراجعة اماكن وجود - ترانزيت,,7.3151E+11,KISS IMPRESS NAILS 30PCS/KIM011C,,,,,,,
NonPharma,VjWXBRl6ci,مراجعة اماكن وجود - ترانزيت,,7.3151E+11,KISS IMPRESS NAILS 30PCS/KIMM07C,,,,,,,
NonPharma,VjWXBRl6ci,مراجعة اماكن وجود - ترانزيت,,7.3151E+11,KISS IMPRESS NAILS 30PCS/KIMM11C,,,,,,,
NonPharma,VjWXBRl6ci,مراجعة اماكن وجود - ترانزيت,,7.3151E+11,KISS IMPRESS NAILS 30PCS/KIMM14C#,,,,,,,
NonPharma,VjWXBRl6ci,مراجعة اماكن وجود - ترانزيت,,6.224E+12,KOLAGRA MKAEUP PERFEC.CONCEAL.MEDIUM10M,,,,,,,
NonPharma,VjWXBRl6ci,مراجعة اماكن وجود - ترانزيت,,6.93762E+12,LA FRUTTA PLA.FEED.BOTTLE(0M+)150M/22048,,,,,,,
NonPharma,VjWXBRl6ci,مراجعة اماكن وجود - ترانزيت,,6.93762E+12,LA FRUTTA PLAST.FEED.BOT.(0M+)240M/22042,,,,,,,
NonPharma,VjWXBRl6ci,مراجعة اماكن وجود - ترانزيت,,6.93762E+12,LA FRUTTA SILC.TEAT(0-6)M(S)2PCS/22111,,,,,,,
NonPharma,VjWXBRl6ci,مراجعة اماكن وجود - ترانزيت,,6.93762E+12,LA FRUTTA SIP.CUP W/HAND(8+)M270M/22414#,,,,,,,
NonPharma,VjWXBRl6ci,مراجعة اماكن وجود - ترانزيت,,6.93762E+12,LA FRUTTA SPOON&FORK W/RU.HA.&CASE/22478,,,,,,,
NonPharma,VjWXBRl6ci,مراجعة اماكن وجود - ترانزيت,,6.93762E+12,LA FRUTTA TRAINER CUP(12M+)270M/22425,,,,,,,
NonPharma,VjWXBRl6ci,مراجعة اماكن وجود - ترانزيت,,7.49565E+11,LINES NAILS TOTALLY CLEAR(M)24PCS/100522,,,,,,,
NonPharma,VjWXBRl6ci,مراجعة اماكن وجود - ترانزيت,,7.49565E+11,LINES RED OVAL (M) 24PCS/200924,,,,,,,
NonPharma,VjWXBRl6ci,مراجعة اماكن وجود - ترانزيت,,6.22401E+12,LITTLE STAR BOT.&NIPPL.ENZYM.CLEAN.400M@,,,,,,,
NonPharma,VjWXBRl6ci,مراجعة اماكن وجود - ترانزيت,,3.60053E+12,MAYBELLINE CLO.TOPIA CHEEK&LIP MOUSSE/03,,,,,,,
NonPharma,VjWXBRl6ci,مراجعة اماكن وجود - ترانزيت,,6.9024E+12,MAYBELLINE FIT ME FR.TINT SPF50FOUND/01#,,,,,,,
NonPharma,VjWXBRl6ci,مراجعة اماكن وجود - ترانزيت,,3.60053E+12,MAYBELLINE FIT ME MAT.+POR.LIQ.FOUND/122,,,,,,,
NonPharma,VjWXBRl6ci,مراجعة اماكن وجود - ترانزيت,,3.60053E+12,MAYBELLINE GLAZE OIL BALM ACAI GLAZE/008,,,,,,,
NonPharma,VjWXBRl6ci,مراجعة اماكن وجود - ترانزيت,,3.60053E+12,MAYBELLINE GLAZE OIL BALM CHER.SWIRL/004,,,,,,,
NonPharma,VjWXBRl6ci,مراجعة اماكن وجود - ترانزيت,,3.60053E+12,MAYBELLINE GLAZE OIL BALM PEACH QUE./005,,,,,,,
NonPharma,VjWXBRl6ci,مراجعة اماكن وجود - ترانزيت,,3.60053E+12,MAYBELLINE INSTA.AGE ERASER CONCEAL./115,,,,,,,
NonPharma,VjWXBRl6ci,مراجعة اماكن وجود - ترانزيت,,30189201,MAYBELLINE LASH SE.MASCA.SK.H.GREEN ALT.,,,,,,,
NonPharma,VjWXBRl6ci,مراجعة اماكن وجود - ترانزيت,,3.60053E+12,MAYBELLINE LIFTER GLOSS LIP GLOS/003,,,,,,,
NonPharma,VjWXBRl6ci,مراجعة اماكن وجود - ترانزيت,,3.60053E+12,MAYBELLINE MASTER FIX LOOSE POWDER,,,,,,,
NonPharma,VjWXBRl6ci,مراجعة اماكن وجود - ترانزيت,,3.60053E+12,MAYBELLINE SUPER STAY MATTE INK/10,,,,,,,
NonPharma,VjWXBRl6ci,مراجعة اماكن وجود - ترانزيت,,3.60053E+12,MAYBELLINE SUPER STAY MATTE INK/125,,,,,,,
NonPharma,VjWXBRl6ci,مراجعة اماكن وجود - ترانزيت,,30163768,MAYBELLINE SUPER STAY VINYL INK/145,,,,,,,
NonPharma,VjWXBRl6ci,مراجعة اماكن وجود - ترانزيت,,30150652,MAYBELLINE SUPER STAY VINYL INK/30,,,,,,,
NonPharma,VjWXBRl6ci,مراجعة اماكن وجود - ترانزيت,,3.60053E+12,MAYBELLINE TATTOO BROW 36H PEN/03,,,,,,,
NonPharma,VjWXBRl6ci,مراجعة اماكن وجود - ترانزيت,,3.60053E+12,MAYBELLINE TATTOO BROW 36H PEN/07,,,,,,,
NonPharma,VjWXBRl6ci,مراجعة اماكن وجود - ترانزيت,,3.60053E+12,MAYBELLINE TATTOO LINER GEL PENCIL/822,,,,,,,
NonPharma,VjWXBRl6ci,مراجعة اماكن وجود - ترانزيت,,3.60053E+12,MAYBELLINE TATTOO LINER GEL PENCIL/911,,,,,,,
NonPharma,VjWXBRl6ci,مراجعة اماكن وجود - ترانزيت,,6.222E+12,MIGOS BAMBOO STICKS 150PCS#,,,,,,,
NonPharma,VjWXBRl6ci,مراجعة اماكن وجود - ترانزيت,,6.94636E+12,MR STAR KIDS T.BRUSH SOFT(3+Y)+GIFT/W07F,,,,,,,
NonPharma,VjWXBRl6ci,مراجعة اماكن وجود - ترانزيت,,6.22401E+12,NANO TREAT MUL.PURPOSE 5IN1 MASCARA,,,,,,,
NonPharma,VjWXBRl6ci,مراجعة اماكن وجود - ترانزيت,,3.01426E+12,ORAL B 3D WHITE 40 MEDIUM 2PCS 25%@#,,,,,,,
NonPharma,VjWXBRl6ci,مراجعة اماكن وجود - ترانزيت,,3.01426E+12,ORAL B BABY (0-2Y) T.BRUSH EXTRASOFT,,,,,,,
NonPharma,VjWXBRl6ci,مراجعة اماكن وجود - ترانزيت,,3.01426E+12,ORAL B C.CROSS MAX GUM CARE EX.SOFT 2PCS,,,,,,,
NonPharma,VjWXBRl6ci,مراجعة اماكن وجود - ترانزيت,,3.01426E+12,ORAL B C.CROSS SENS.GEN.CARE EX.SOFT 1PC,,,,,,,
NonPharma,VjWXBRl6ci,مراجعة اماكن وجود - ترانزيت,,3.01426E+12,ORAL B CR.CROSS SENS.CARE EX.SOFT 2PCS,,,,,,,
NonPharma,VjWXBRl6ci,مراجعة اماكن وجود - ترانزيت,,8.72069E+12,PHILIPS AIR STYLER 3000 S.800W/BHA305-00,,,,,,,
NonPharma,VjWXBRl6ci,مراجعة اماكن وجود - ترانزيت,,8.01733E+12,RAPIDENT DENTURE&TRAYS CLEANSER 32/TAB#,,,,,,,
NonPharma,VjWXBRl6ci,مراجعة اماكن وجود - ترانزيت,,8.43656E+12,ROOFA CERAMIC NAIL FILE/039NC,,,,,,,
NonPharma,VjWXBRl6ci,مراجعة اماكن وجود - ترانزيت,,8.43656E+12,ROOFA FOOT PADDLE 4X1/011FC,,,,,,,
NonPharma,VjWXBRl6ci,مراجعة اماكن وجود - ترانزيت,,8.43656E+12,ROOFA GRIP TOENAIL CLIPPER/002BG,,,,,,,
NonPharma,VjWXBRl6ci,مراجعة اماكن وجود - ترانزيت,,8.43656E+12,ROOFA INGROWN TOENAIL CLIPPER/004FC,,,,,,,
NonPharma,VjWXBRl6ci,مراجعة اماكن وجود - ترانزيت,,8.43656E+12,ROOFA PUMICE STONE+NAIL BRUSH/027FC,,,,,,,
NonPharma,VjWXBRl6ci,مراجعة اماكن وجود - ترانزيت,,8.43656E+12,ROOFA SALON BOARD WITH CASE/021NC,,,,,,,
NonPharma,VjWXBRl6ci,مراجعة اماكن وجود - ترانزيت,,8.50041E+11,RUSH BRUSH ROSE GOLD S3 BRUSH/RB-S3,,,,,,,
NonPharma,VjWXBRl6ci,مراجعة اماكن وجود - ترانزيت,,8.50041E+11,RUSH BRUSH U1 CURLER PURPLE/RB-U1,,,,,,,
NonPharma,VjWXBRl6ci,مراجعة اماكن وجود - ترانزيت,,6.224E+12,SEE-LIT NOURISHIN.NAIL&CUTICLE SERUM 10M,,,,,,,
NonPharma,VjWXBRl6ci,مراجعة اماكن وجود - ترانزيت,,6.8057E+12,SENSODYNE A.REPAIR&PROTECT T.BRUSH SOFT#,,,,,,,
NonPharma,VjWXBRl6ci,مراجعة اماكن وجود - ترانزيت,,6.22116E+12,SIGNAL W.N.STA.REMOV.T.PASTE75+T.BRUSH@#,,,,,,,
NonPharma,VjWXBRl6ci,مراجعة اماكن وجود - ترانزيت,,4.00858E+12,TITANIA BABY SCISSORS /1050/4#,,,,,,,
NonPharma,VjWXBRl6ci,مراجعة اماكن وجود - ترانزيت,,4.00858E+12,TITANIA BACK SCRUB/7714#,,,,,,,
NonPharma,VjWXBRl6ci,مراجعة اماكن وجود - ترانزيت,,4.00858E+12,TITANIA BRUSH FOR HAIR F/KIDS NO/1297#,,,,,,,
NonPharma,VjWXBRl6ci,مراجعة اماكن وجود - ترانزيت,,4.00858E+12,TITANIA COSMETIC MIRROR/1570,,,,,,,
NonPharma,VjWXBRl6ci,مراجعة اماكن وجود - ترانزيت,,4.00858E+12,TITANIA MASSAGE BRUSH/9000-S#,,,,,,,
NonPharma,VjWXBRl6ci,مراجعة اماكن وجود - ترانزيت,,4.00858E+12,TITANIA SHAV.BRUSH/2828/B#,,,,,,,
NonPharma,VjWXBRl6ci,مراجعة اماكن وجود - ترانزيت,,5.01042E+12,TOMMEE TIP.ANY TIME ORTHO.SOOTH.0-6M2PCS,,,,,,,
NonPharma,VjWXBRl6ci,مراجعة اماكن وجود - ترانزيت,,5.01042E+12,TOMMEE TIP.C.N.MED.FL.TEAT A.COL.3M+2PCS,,,,,,,
NonPharma,VjWXBRl6ci,مراجعة اماكن وجود - ترانزيت,,5.01042E+12,TOMMEE TIP.FUN FR.ORTHO.SOOTH.0-6M 2PCS,,,,,,,
NonPharma,VjWXBRl6ci,مراجعة اماكن وجود - ترانزيت,,5.01042E+12,TOMMEE TIP.FUN FR.ORTHO.SOOTH.18-36M2PCS,,,,,,,
NonPharma,VjWXBRl6ci,مراجعة اماكن وجود - ترانزيت,,5.01042E+12,TOMMEE TIP.FUN FR.ORTHO.SOOTH.6-18M 2PCS,,,,,,,
NonPharma,VjWXBRl6ci,مراجعة اماكن وجود - ترانزيت,,5.01042E+12,TOMMEE TIP.MODA ORTHO.SOOTHERS 0-6M 2PCS,,,,,,,
NonPharma,VjWXBRl6ci,مراجعة اماكن وجود - ترانزيت,,5.01042E+12,TOMMEE TIP.N.TIME ORTHO.SOOTH.18-36M2PCS,,,,,,,
NonPharma,VjWXBRl6ci,مراجعة اماكن وجود - ترانزيت,,5.01042E+12,TOMMEE TIP.N.TIME ORTHO.SOOTH.6-18M 2PCS,,,,,,,
NonPharma,VjWXBRl6ci,مراجعة اماكن وجود - ترانزيت,,6.95022E+12,TRUE 360CUP W/HAND&CO.(12+)260M/2024136#,,,,,,,
NonPharma,VjWXBRl6ci,مراجعة اماكن وجود - ترانزيت,,6.93157E+12,TRUE GOLD S.CUP W/STRAW(12+)300M/2024801,,,,,,,
NonPharma,VjWXBRl6ci,مراجعة اماكن وجود - ترانزيت,,6.93157E+12,TRUE GOLD S.CUP W/STRAW(12+)330M/2024800,,,,,,,
NonPharma,VjWXBRl6ci,مراجعة اماكن وجود - ترانزيت,,8.85022E+12,TRUE M.BREAST PUMP/12999,,,,,,,
NonPharma,VjWXBRl6ci,مراجعة اماكن وجود - ترانزيت,,6.93157E+12,TRUE NAIL CLIPPER W/MAGN.LENS/2022020#,,,,,,,
NonPharma,VjWXBRl6ci,مراجعة اماكن وجود - ترانزيت,,6.93158E+12,TRUE SILIC.SOOTHER (6+)M/2022418,,,,,,,
NonPharma,VjWXBRl6ci,مراجعة اماكن وجود - ترانزيت,,6.22401E+12,WHITE FLY-OFF MOSQUITO REPELLENT 48PCS#,,,,,,,
NonPharma,VjWXBRl6ci,مراجعة اماكن وجود - ترانزيت,,6.22401E+12,YOLO N.POLISH 10M/161,,,,,,,
NonPharma,VjWXBRl6ci,مراجعة اماكن وجود - ترانزيت,,6.22401E+12,YOLO N.POLISH 10M/169,,,,,,,
NonPharma,VjWXBRl6ci,مراجعة اماكن وجود - ترانزيت,,6.22401E+12,YOLO N.POLISH 10M/177,,,,,,,
NonPharma,VjWXBRl6ci,مراجعة اماكن وجود - ترانزيت,,6.22401E+12,YOLO N.POLISH 10M/196,,,,,,,
NonPharma,VjWXBRl6ci,مراجعة اماكن وجود - ترانزيت,,6.22401E+12,YOLO N.POLISH 10M/223,,,,,,,
NonPharma,VjWXBRl6ci,مراجعة اماكن وجود - ترانزيت,,6.22301E+12,YOLO N.POLISH 10M/235,,,,,,,
NonPharma,6E64yT2MfC,مراجعة اماكن وجود - غوالي ومعمل وأغذية,,3601019,B-SITOSTEROL (BURN) 0.25% 30GM CR ⌂▓,,,,,,,
NonPharma,6E64yT2MfC,مراجعة اماكن وجود - غوالي ومعمل وأغذية,,3206143,CERELAC PUREE BAN.ORAN.&BISCUIT 6M 90GM#,,,,,,,
NonPharma,6E64yT2MfC,مراجعة اماكن وجود - غوالي ومعمل وأغذية,,3206142,CERELAC PUREE BANANA.APPLE&OATS 6M 90G#,,,,,,,
NonPharma,6E64yT2MfC,مراجعة اماكن وجود - غوالي ومعمل وأغذية,,3210739,CERELAC RICE WITHOUT MILK (6M+)400G,,,,,,,
NonPharma,6E64yT2MfC,مراجعة اماكن وجود - غوالي ومعمل وأغذية,,3601017,CORN REMOVAL KIT(SOL+VASEL+30STICK)⌂▓,,,,,,,
NonPharma,6E64yT2MfC,مراجعة اماكن وجود - غوالي ومعمل وأغذية,,8.70031E+12,DAHAB DAILY S.C.LENSES LUMIRERE HAZEL/02,,,,,,,
NonPharma,6E64yT2MfC,مراجعة اماكن وجود - غوالي ومعمل وأغذية,,8.80003E+12,DAHAB DAILY S.C.LENSES NATURAL GREEN/34,,,,,,,
NonPharma,6E64yT2MfC,مراجعة اماكن وجود - غوالي ومعمل وأغذية,,4.1E+12,DAHAB SOFT C.LENSES KAF/41,,,,,,,
NonPharma,6E64yT2MfC,مراجعة اماكن وجود - غوالي ومعمل وأغذية,,2708819,EUCERIN(HYA.FILLER GEL30+SUN FLUD50)50%@,,,,,,,
NonPharma,6E64yT2MfC,مراجعة اماكن وجود - غوالي ومعمل وأغذية,,3600090,GLYCERIN BORAX 15ML‬ ⌂▓,,,,,,,
NonPharma,6E64yT2MfC,مراجعة اماكن وجود - غوالي ومعمل وأغذية,,3600050,GLYCERIN PHENOL 15ML EAR DROP ⌂▓,,,,,,,
NonPharma,6E64yT2MfC,مراجعة اماكن وجود - غوالي ومعمل وأغذية,,3601062,GLYCERYL TRINITRATE 0.2% 20GM OINT⌂▓,,,,,,,
NonPharma,6E64yT2MfC,مراجعة اماكن وجود - غوالي ومعمل وأغذية,,3201439,HERO BABY PRUNES (6M+) 125GM+,,,,,,,
NonPharma,6E64yT2MfC,مراجعة اماكن وجود - غوالي ومعمل وأغذية,,3210260,HERO BABY PUREE PEAR(6+)125G+,,,,,,,
NonPharma,6E64yT2MfC,مراجعة اماكن وجود - غوالي ومعمل وأغذية,,3210262,HERO BABY PUREE POTATO(6+)120G+,,,,,,,
NonPharma,6E64yT2MfC,مراجعة اماكن وجود - غوالي ومعمل وأغذية,,3600340,HYPERTONIC EYE SOLUTION 5% 10ML ⌂,,,,,,,
NonPharma,6E64yT2MfC,مراجعة اماكن وجود - غوالي ومعمل وأغذية,,200007,ISIS CHAMOMILE 20/PACKETS▓,,,,,,,
NonPharma,6E64yT2MfC,مراجعة اماكن وجود - غوالي ومعمل وأغذية,,3210090,ISIS PARSLEY & CELERY 20/PACKETS▓,,,,,,,
NonPharma,6E64yT2MfC,مراجعة اماكن وجود - غوالي ومعمل وأغذية,,3210095,ISIS THYME 20/PACKETS▓,,,,,,,
NonPharma,6E64yT2MfC,مراجعة اماكن وجود - غوالي ومعمل وأغذية,,3600529,ITRACONAZOLE 0.5% 60ML SPRAY⌂▓,,,,,,,
NonPharma,6E64yT2MfC,مراجعة اماكن وجود - غوالي ومعمل وأغذية,,3600532,ITRACONAZOLE 1% 30GM CREAM⌂▓,,,,,,,
NonPharma,6E64yT2MfC,مراجعة اماكن وجود - غوالي ومعمل وأغذية,,3600533,ITRACONAZOLE 2% 15ML NAIL SOLUTION⌂▓,,,,,,,
NonPharma,6E64yT2MfC,مراجعة اماكن وجود - غوالي ومعمل وأغذية,,3600460,KAOLIN 80GM POULTICE ⌂▓,,,,,,,
NonPharma,6E64yT2MfC,مراجعة اماكن وجود - غوالي ومعمل وأغذية,,3.33788E+12,LA ROCHE ANTH.DER.PAED.CHILD.SPF(50+)75M,,,,,,,
NonPharma,6E64yT2MfC,مراجعة اماكن وجود - غوالي ومعمل وأغذية,,3210750,LIMITLESS ALPHA WHEY PRO.CON.CARAMEL1KG▓,,,,,,,
NonPharma,6E64yT2MfC,مراجعة اماكن وجود - غوالي ومعمل وأغذية,,3210756,LIMITLESS ALPHA WHEY PRO.CON.CARAMEL2KG▓,,,,,,,
NonPharma,6E64yT2MfC,مراجعة اماكن وجود - غوالي ومعمل وأغذية,,3210745,LIMITLESS ALPHA WHEY PRO.CON.CR.CHOC1KG▓,,,,,,,
NonPharma,6E64yT2MfC,مراجعة اماكن وجود - غوالي ومعمل وأغذية,,3210746,LIMITLESS ALPHA WHEY PRO.CONC.BANANA1KG▓,,,,,,,
NonPharma,6E64yT2MfC,مراجعة اماكن وجود - غوالي ومعمل وأغذية,,3600750,METRONIDAZOLE 1% 30GM GEL ⌂▓,,,,,,,
NonPharma,6E64yT2MfC,مراجعة اماكن وجود - غوالي ومعمل وأغذية,,6.224E+12,NO CAL NO CAL.SWEET.(1PAC=1TSP)100PACK▓,,,,,,,
NonPharma,6E64yT2MfC,مراجعة اماكن وجود - غوالي ومعمل وأغذية,,6.224E+12,NO CAL NO CAL.SWEET.(1PAC=1TSP)300PACK▓,,,,,,,
NonPharma,6E64yT2MfC,مراجعة اماكن وجود - غوالي ومعمل وأغذية,,6.224E+12,NO CAL NO CAL.SWEET.(1PAC=2TSP)50PACK▓,,,,,,,
NonPharma,6E64yT2MfC,مراجعة اماكن وجود - غوالي ومعمل وأغذية,,3207991,SEKEM STEVIA 40/SACH+ISIS GR.TEA12/BAG@▓,,,,,,,
NonPharma,6E64yT2MfC,مراجعة اماكن وجود - غوالي ومعمل وأغذية,,3206879,SEKEM STEVIA NATURAL SWEETENER 100/TAB▓,,,,,,,
NonPharma,6E64yT2MfC,مراجعة اماكن وجود - غوالي ومعمل وأغذية,,3600960,SODIUM CHLORIDE (NACL) 0.5GM 50/CAP⌂▓,,,,,,,
NonPharma,6E64yT2MfC,مراجعة اماكن وجود - غوالي ومعمل وأغذية,,3205984,STEVIANA SWEETENER 100/SACH+▓,,,,,,,
NonPharma,6E64yT2MfC,مراجعة اماكن وجود - غوالي ومعمل وأغذية,,3205767,STEVIANA SWEETENER 50/SACHET+▓,,,,,,,
NonPharma,6E64yT2MfC,مراجعة اماكن وجود - غوالي ومعمل وأغذية,,3208165,STEVIOLA 50/SACH▓,,,,,,,
NonPharma,6E64yT2MfC,مراجعة اماكن وجود - غوالي ومعمل وأغذية,,3207845,SWEET&SLIM LITE SYRUP 300ML▓,,,,,,,
NonPharma,6E64yT2MfC,مراجعة اماكن وجود - غوالي ومعمل وأغذية,,3207788,SWEET&SLIM NO CAL.SWEETENER 250G▓,,,,,,,
NonPharma,6E64yT2MfC,مراجعة اماكن وجود - غوالي ومعمل وأغذية,,3205854,VERDE SWEET 330GM▓,,,,,,,
NonPharma,LAfCmbQZsr,مراجعة اماكن وجود - بشرة,,6.22401E+12,ARGENTO EYE CONTOUR MOIST.CR 15GM#,,Done,10005139,23/09/2026,15:25:47,,
NonPharma,LAfCmbQZsr,مراجعة اماكن وجود - بشرة,,6.22401E+12,ARGENTO PROFIT S.SCREEN SPF(50+)GEL 60M#,,Done,10005139,23/09/2026,15:25:47,,
NonPharma,LAfCmbQZsr,مراجعة اماكن وجود - بشرة,,3.28277E+12,AVENE PHYSIOLIFT PRECISION WRINK.FIL.15#,,Done,10005139,23/09/2026,15:25:47,,
NonPharma,LAfCmbQZsr,مراجعة اماكن وجود - بشرة,,2706008,AZHA WHITENING SPF(20+) CR 75G#,,Done,10005139,23/09/2026,15:25:47,,
NonPharma,LAfCmbQZsr,مراجعة اماكن وجود - بشرة,,79656631111,B.BOAT S.P.KIDS SUNSCRE.(SPF50+)LOT.90M#,,Done,10005139,23/09/2026,15:25:47,,
NonPharma,LAfCmbQZsr,مراجعة اماكن وجود - بشرة,,8.43701E+12,BABE COMFOR.HYDRA-EXFOLIATOR SENS.SK50M#,,Done,10005139,23/09/2026,15:25:47,,
NonPharma,LAfCmbQZsr,مراجعة اماكن وجود - بشرة,,8.68214E+12,BAMBINO D.CLEAN COSM.COTTON BUDS 100PCS,,Done,10005139,23/09/2026,15:25:47,,
NonPharma,LAfCmbQZsr,مراجعة اماكن وجود - بشرة,,6.22401E+12,BAMBINO DAILY CLEAN COTTON PADS 150PCS,,Done,10005139,23/09/2026,15:25:47,,
NonPharma,LAfCmbQZsr,مراجعة اماكن وجود - بشرة,,6.22401E+12,BAMBINO DAILY CLEAN COTTON PADS 50PCS,,Done,10005139,23/09/2026,15:25:47,,
NonPharma,LAfCmbQZsr,مراجعة اماكن وجود - بشرة,,5.28102E+12,BEESLINE SHIM.TAN SUNTA.JELLY GOLD 150M#,,Done,10005139,23/09/2026,15:25:47,,
NonPharma,LAfCmbQZsr,مراجعة اماكن وجود - بشرة,,5.28102E+12,BEESLINE UlT.SCREEN SPF(50) CR.INVIS.60M,,Done,10005139,23/09/2026,15:25:47,,
NonPharma,LAfCmbQZsr,مراجعة اماكن وجود - بشرة,,6.22301E+12,BEESLINE WHIT.SENS.ZONE CR 2X50M@#,,Done,10005139,23/09/2026,15:25:47,,
NonPharma,LAfCmbQZsr,مراجعة اماكن وجود - بشرة,,2702973,BELCLINIC EYE REPAIR CR SERUM 2X30M@#,,Done,10005139,23/09/2026,15:25:47,,
NonPharma,LAfCmbQZsr,مراجعة اماكن وجود - بشرة,,2702974,BELCLINIC HYDRA PLUS MOIST.CR 2X50M@#,,Done,10005139,23/09/2026,15:25:47,,
NonPharma,LAfCmbQZsr,مراجعة اماكن وجود - بشرة,,2700681,BELCLINIC HYDRA PLUS MOIST.CR 50M#,,Done,10005139,23/09/2026,15:25:47,,
NonPharma,LAfCmbQZsr,مراجعة اماكن وجود - بشرة,,2708782,BELCLINIC LAST WRINK.ESS.SERUM 30M1+1@#,,Done,10005139,23/09/2026,15:25:47,,
NonPharma,LAfCmbQZsr,مراجعة اماكن وجود - بشرة,,2708783,BELCLINIC VITAL REVITALIZ.MASK 80M 1+1@,,Done,10005139,23/09/2026,15:25:47,,
NonPharma,LAfCmbQZsr,مراجعة اماكن وجود - بشرة,,8.41212E+12,BETER FIBREGLASS PEDICURE FILES/08155,,Done,10005139,23/09/2026,15:25:47,,
NonPharma,LAfCmbQZsr,مراجعة اماكن وجود - بشرة,,8.41212E+12,BETER PEDICURE NAIL CLIPPER/07019,,Done,10005139,23/09/2026,15:25:47,,
NonPharma,LAfCmbQZsr,مراجعة اماكن وجود - بشرة,,2708870,BIOBLAS SUNCAR.SPF(50+)A.FLUID CR50M1+1@,,Done,10005139,23/09/2026,15:25:47,,
NonPharma,LAfCmbQZsr,مراجعة اماكن وجود - بشرة,,3.70113E+12,BIODERMA PHOTO.(50+)ULTRA FLUID AR+ 40M,,Done,10005139,23/09/2026,15:25:47,,
NonPharma,LAfCmbQZsr,مراجعة اماكن وجود - بشرة,,3.4014E+12,BIODERMA SEBIUM CLEANS.FOAM.GEL 500M,,Done,10005139,23/09/2026,15:25:47,,
NonPharma,LAfCmbQZsr,مراجعة اماكن وجود - بشرة,,7.3501E+12,BIONNEX RENSADERM REPA.&SEBUM CONTROL30M,,Done,10005139,23/09/2026,15:25:47,,
NonPharma,LAfCmbQZsr,مراجعة اماكن وجود - بشرة,,6.00116E+12,BIO-OIL DRY SK GEL 100M#,,Done,10005139,23/09/2026,15:25:47,,
NonPharma,LAfCmbQZsr,مراجعة اماكن وجود - بشرة,,6.00116E+12,BIO-OIL SCAR&STRETCH SK CARE OIL 200M,,Done,10005139,23/09/2026,15:25:47,,
NonPharma,LAfCmbQZsr,مراجعة اماكن وجود - بشرة,,2708728,BIOTHERM W.(EYE CONT.30+CLEAN.FOAM200)@#,,Done,10005139,23/09/2026,15:25:47,,
NonPharma,LAfCmbQZsr,مراجعة اماكن وجود - بشرة,,6.22401E+12,BOBAI AFTER SUN GELW/A.VERA 200G,,Done,10005139,23/09/2026,15:25:47,,
NonPharma,LAfCmbQZsr,مراجعة اماكن وجود - بشرة,,6.22401E+12,BOBAI SUN SCREEN SPF(45)LOT.120M#,,Done,10005139,23/09/2026,15:25:47,,
NonPharma,LAfCmbQZsr,مراجعة اماكن وجود - بشرة,,6.22202E+12,BOBANA AFTE.SUN SPF(30+) GEL.2X150M1+1@#,,Done,10005139,23/09/2026,15:25:47,,
NonPharma,LAfCmbQZsr,مراجعة اماكن وجود - بشرة,,6.22202E+12,BOBANA MUD MASK DEAD SEA SALTS 400G#,,Done,10005139,23/09/2026,15:25:47,,
NonPharma,LAfCmbQZsr,مراجعة اماكن وجود - بشرة,,6.22202E+12,BOBANA RETINOL FACE WASH GEL 150M#,,Done,10005139,23/09/2026,15:25:47,,
NonPharma,LAfCmbQZsr,مراجعة اماكن وجود - بشرة,,6.22202E+12,BOBANA SUNSC.SPF(50+)TINT.LOT.2X60M1+1@#,,Done,10005139,23/09/2026,15:25:47,,
NonPharma,LAfCmbQZsr,مراجعة اماكن وجود - بشرة,,6.22202E+12,BOBANA SUNSCREEN SPF(50+)GEL 2X150M1+1@#,,Done,10005139,23/09/2026,15:25:47,,
NonPharma,LAfCmbQZsr,مراجعة اماكن وجود - بشرة,,2706093,C MIX PLUS  AMPOULES PURE VIT C20% 10X3M,,Done,10005139,23/09/2026,15:25:47,,
NonPharma,LAfCmbQZsr,مراجعة اماكن وجود - بشرة,,3.57466E+12,C&C NATURAL BRIGHT GENTLE DAIL.WASH100M#,,Done,10005139,23/09/2026,15:25:47,,
NonPharma,LAfCmbQZsr,مراجعة اماكن وجود - بشرة,,8.10007E+11,CANTU SHEA BUTTER BODY LOT.DRY SK.473M#,,Done,10005139,23/09/2026,15:25:47,,
NonPharma,LAfCmbQZsr,مراجعة اماكن وجود - بشرة,,6.223E+12,CARE&MORE GLYC.VANIL.&COOKI.SOFT CR 75M,,Done,10005139,23/09/2026,15:25:47,,
NonPharma,LAfCmbQZsr,مراجعة اماكن وجود - بشرة,,6.223E+12,CARE&MORE SMOOT.FEET FOOT SCRUB CR 100M,,Done,10005139,23/09/2026,15:25:47,,
NonPharma,LAfCmbQZsr,مراجعة اماكن وجود - بشرة,,5.287E+12,CARROT GOLD MAXIMUM BRONZ.SUN OIL200M,,Done,10005139,23/09/2026,15:25:47,,
NonPharma,LAfCmbQZsr,مراجعة اماكن وجود - بشرة,,6.22401E+12,CLEO GLOW VITAMIN C SERUM 10% F/SK.30M#,,Done,10005139,23/09/2026,15:25:47,,
NonPharma,LAfCmbQZsr,مراجعة اماكن وجود - بشرة,,9.7802E+12,COSMO APPE S.SCREEN (50+) GEL CR.3X60M@,,Done,10005139,23/09/2026,15:25:47,,
NonPharma,LAfCmbQZsr,مراجعة اماكن وجود - بشرة,,6.22401E+12,COSMO APPE S.SCREEN SPF(50+)LOT.SP.150M#,,Done,10005139,23/09/2026,15:25:47,,
NonPharma,LAfCmbQZsr,مراجعة اماكن وجود - بشرة,,6.29401E+12,CREME 21 ALL DAY PRO-VIT B5 CR 150M#,,Done,10005139,23/09/2026,15:25:47,,
NonPharma,LAfCmbQZsr,مراجعة اماكن وجود - بشرة,,6.29401E+12,CREME 21 PRO-VIT B5 NORM SK B.LOT.250M#,,Done,10005139,23/09/2026,15:25:47,,
NonPharma,LAfCmbQZsr,مراجعة اماكن وجود - بشرة,,6.29401E+12,CREME 21 SMOOTH MOIST.NORM.SK CR 150M#,,Done,10005139,23/09/2026,15:25:47,,
NonPharma,LAfCmbQZsr,مراجعة اماكن وجود - بشرة,,1.96008E+11,DAILY BLUE SQUARE COTTON PADS 160PC\PL,,Done,10005139,23/09/2026,15:25:47,,
NonPharma,LAfCmbQZsr,مراجعة اماكن وجود - بشرة,,6.225E+12,DERMABOND SUNCREA.SPF(50+) VIT C&E 75ML#,,Done,10005139,23/09/2026,15:25:47,,
NonPharma,LAfCmbQZsr,مراجعة اماكن وجود - بشرة,,6.224E+12,DERMACY FIRMING+HYDRATING SERUM 30M,,Done,10005139,23/09/2026,15:25:47,,
NonPharma,LAfCmbQZsr,مراجعة اماكن وجود - بشرة,,6.224E+12,DERMACY S.SCREEN LOT.50+MOIST.TONER 150@,,Done,10005139,23/09/2026,15:25:47,,
NonPharma,LAfCmbQZsr,مراجعة اماكن وجود - بشرة,,6.225E+12,DERMAFILM C 15% VITAMIN C SERUM 50M,,Done,10005139,23/09/2026,15:25:47,,
NonPharma,LAfCmbQZsr,مراجعة اماكن وجود - بشرة,,6.224E+12,DERMALUXE SOL.BRONZE SH.TANNING OIL 200M,,Done,10005139,23/09/2026,15:25:47,,
NonPharma,LAfCmbQZsr,مراجعة اماكن وجود - بشرة,,6.22401E+12,DERMATIQUE REFINE PURIFY.CLEAN.GEL 150M#,,Done,10005139,23/09/2026,15:25:47,,
NonPharma,LAfCmbQZsr,مراجعة اماكن وجود - بشرة,,8.68234E+12,DERMINIX VIT.(C)SK CARE AMPOULES 6X2M#,,Done,10005139,23/09/2026,15:25:47,,
NonPharma,LAfCmbQZsr,مراجعة اماكن وجود - بشرة,,6.29512E+12,DETTOL A.BACTERIAL COOL SOAP 85G,,Done,10005139,23/09/2026,15:25:47,,
NonPharma,LAfCmbQZsr,مراجعة اماكن وجود - بشرة,,6.29512E+12,DETTOL A.BACTERIAL RE-ENERGIZE SOAP 85G,,Done,10005139,23/09/2026,15:25:47,,
NonPharma,LAfCmbQZsr,مراجعة اماكن وجود - بشرة,,6.22301E+12,DRAKON MAKE UP REMOVER 4x1WIPES 50 PC#,,Done,10005139,23/09/2026,15:25:47,,
NonPharma,LAfCmbQZsr,مراجعة اماكن وجود - بشرة,,2706065,E MIX VIALS VIT E+COLLAGEN 5VIAL/10M,,Done,10005139,23/09/2026,15:25:47,,
NonPharma,LAfCmbQZsr,مراجعة اماكن وجود - بشرة,,276955,ECOSENSE NATURAL HEALING POWER STICK 25G,,Done,10005139,23/09/2026,15:25:47,,
NonPharma,LAfCmbQZsr,مراجعة اماكن وجود - بشرة,,6.224E+12,EGACS FRESH BREATH GREEN APPLE SP.30M,,Done,10005139,23/09/2026,15:25:47,,
NonPharma,LAfCmbQZsr,مراجعة اماكن وجود - بشرة,,2708680,EGACS FRESH BREATH LEMON&MINT SP.30M,,Done,10005139,23/09/2026,15:25:47,,
NonPharma,LAfCmbQZsr,مراجعة اماكن وجود - بشرة,,6.223E+12,EGYPTIAN TRE.R.C.GOLD A.AGE.EYE CR 15M#,,Done,10005139,23/09/2026,15:25:47,,
NonPharma,LAfCmbQZsr,مراجعة اماكن وجود - بشرة,,6.223E+12,EGYPTIAN TRE.R.C.GOLD FACE CR 50M#,,Done,10005139,23/09/2026,15:25:47,,
NonPharma,LAfCmbQZsr,مراجعة اماكن وجود - بشرة,,2706652,EOCENE PUREVIVE CR 50M#,,Done,10005139,23/09/2026,15:25:47,,
NonPharma,LAfCmbQZsr,مراجعة اماكن وجود - بشرة,,6.223E+12,EVA 3x1 OILY&COMBIN.SKIN WIPES25PCS20%@#,,Done,10005139,23/09/2026,15:25:47,,
NonPharma,LAfCmbQZsr,مراجعة اماكن وجود - بشرة,,6.223E+12,EVA KIDS SUN SCREEN(SPF50+) LOT.200M#,,Done,10005139,23/09/2026,15:25:47,,
NonPharma,LAfCmbQZsr,مراجعة اماكن وجود - بشرة,,5.90342E+12,EVELINE COLLAGEN 3X SERUM SHOT 30M,,Done,10005139,23/09/2026,15:25:47,,
NonPharma,LAfCmbQZsr,مراجعة اماكن وجود - بشرة,,2705604,EYE MIX GEL A.DARK CIRCLES 30GM,,Done,10005139,23/09/2026,15:25:47,,
NonPharma,LAfCmbQZsr,مراجعة اماكن وجود - بشرة,,8.6932E+12,FE STAINLESS MOTIF TWEEZER GOLDEN/058#,,Done,10005139,23/09/2026,15:25:47,,
NonPharma,LAfCmbQZsr,مراجعة اماكن وجود - بشرة,,8.6932E+12,FE TWEEZERS F/INGROWN HR\FEPI079#,,Done,10005139,23/09/2026,15:25:47,,
NonPharma,LAfCmbQZsr,مراجعة اماكن وجود - بشرة,,2706268,FLOSLEK S.CAR.A.SPOT CR GEL(50)30M1+50%@,,Done,10005139,23/09/2026,15:25:47,,
NonPharma,LAfCmbQZsr,مراجعة اماكن وجود - بشرة,,6.223E+12,FUCHS TOOTHPASTE KIDS STRAWBERRY 75M,,Done,10005139,23/09/2026,15:25:47,,
NonPharma,LAfCmbQZsr,مراجعة اماكن وجود - بشرة,,6.22301E+12,GLAMYLAB WHITEN.SENSITIVE AREAS GEL 50G,,Done,10005139,23/09/2026,15:25:47,,
NonPharma,LAfCmbQZsr,مراجعة اماكن وجود - بشرة,,2706687,GLIX SUN SCREEN V.HIGH SPF(50+)LOT.120M#,,Done,10005139,23/09/2026,15:25:47,,
NonPharma,LAfCmbQZsr,مراجعة اماكن وجود - بشرة,,6.224E+12,GLOWMARK MOIST.BODY LOT.ALL SK TYPE200M#,,Done,10005139,23/09/2026,15:25:47,,
NonPharma,LAfCmbQZsr,مراجعة اماكن وجود - بشرة,,6.224E+12,GLOWMARK NIACINAMIDE 10% SERUM F/SK 30M#,,Done,10005139,23/09/2026,15:25:47,,
NonPharma,LAfCmbQZsr,مراجعة اماكن وجود - بشرة,,2704619,GR SEEMA NAIL POLISH REMOVER PINK 65M#,,Done,10005139,23/09/2026,15:25:47,,
NonPharma,LAfCmbQZsr,مراجعة اماكن وجود - بشرة,,6.22202E+12,HYALOKONEX SK SERUM 40M,,Done,10005139,23/09/2026,15:25:47,,
NonPharma,LAfCmbQZsr,مراجعة اماكن وجود - بشرة,,6.22202E+12,INFINITY SOOTH.&MOIST.SPF(45) GEL 120G,,Done,10005139,23/09/2026,15:25:47,,
NonPharma,LAfCmbQZsr,مراجعة اماكن وجود - بشرة,,3.40138E+12,ISIS TEEN DERM PURE A.IMPERFE.GEL CR30M#,,Done,10005139,23/09/2026,15:25:47,,
NonPharma,LAfCmbQZsr,مراجعة اماكن وجود - بشرة,,278521,ISIS UNITONE4 WHITE NIGHT CR 30M#,,Done,10005139,23/09/2026,15:25:47,,
NonPharma,LAfCmbQZsr,مراجعة اماكن وجود - بشرة,,3.57466E+12,JOHNSON INTENS.CR.FACE&BODY DRY SK.200M#,,Done,10005139,23/09/2026,15:25:47,,
NonPharma,LAfCmbQZsr,مراجعة اماكن وجود - بشرة,,2704257,KAMPOTIKUDO SOOTH.ANTISEPTIC CR 2X200GM@,,Done,10005139,23/09/2026,15:25:47,,
NonPharma,LAfCmbQZsr,مراجعة اماكن وجود - بشرة,,7.3151E+11,KISS 4 WAY NAIL SHAPER/F101N,,Done,10005139,23/09/2026,15:25:47,,
NonPharma,LAfCmbQZsr,مراجعة اماكن وجود - بشرة,,6.225E+12,KOLAGRA C SKIN SERUM RICH IN VIT.30/50M#,,Done,10005139,23/09/2026,15:25:47,,
NonPharma,LAfCmbQZsr,مراجعة اماكن وجود - بشرة,,2706278,KOLAGRA E S.SCREEN SPF(50+)L.LOT.2X120M@,,Done,10005139,23/09/2026,15:25:47,,
NonPharma,LAfCmbQZsr,مراجعة اماكن وجود - بشرة,,6.224E+12,KOLAGRA S.SEC.(S.SCR.GEL50+R.O.BERRY60)@,,Done,10005139,23/09/2026,15:25:47,,
NonPharma,LAfCmbQZsr,مراجعة اماكن وجود - بشرة,,3.43342E+12,LA ROCHE TOLERIANE SOFT.FOAM.GEL 150M,,Done,10005139,23/09/2026,15:25:47,,
NonPharma,LAfCmbQZsr,مراجعة اماكن وجود - بشرة,,284947,LABELLO LIPCARE PEARL&SHINE 4.8G#,,Done,10005139,23/09/2026,15:25:47,,
NonPharma,LAfCmbQZsr,مراجعة اماكن وجود - بشرة,,3.6163E+12,LANCASTER S.BEAUTY SPF(30)S.DRY OIL 150M,,Done,10005139,23/09/2026,15:25:47,,
NonPharma,LAfCmbQZsr,مراجعة اماكن وجود - بشرة,,3.61422E+12,LANCASTER SUN SENS.SOFT.MILK SPF(30)125M,,Done,10005139,23/09/2026,15:25:47,,
NonPharma,LAfCmbQZsr,مراجعة اماكن وجود - بشرة,,3.60052E+12,LOREAL HYALURON EXPE.REPLUM.GEL CR 50M,,Done,10005139,23/09/2026,15:25:47,,
NonPharma,LAfCmbQZsr,مراجعة اماكن وجود - بشرة,,6.224E+12,LUCKY OWL NAPPY RASH CR 120G#,,Done,10005139,23/09/2026,15:25:47,,
NonPharma,LAfCmbQZsr,مراجعة اماكن وجود - بشرة,,6.77354E+12,MALLINSY EMO.A.SUN GEL A.VERA BLUE 250M#,,Done,10005139,23/09/2026,15:25:47,,
NonPharma,LAfCmbQZsr,مراجعة اماكن وجود - بشرة,,6.77354E+12,MALLINSY SUNSCREEN SPF(30+) LOT.200M#,,Done,10005139,23/09/2026,15:25:47,,
NonPharma,LAfCmbQZsr,مراجعة اماكن وجود - بشرة,,6.22401E+12,MELATEX LIGHTE.CLEAN.A.BROWN SPOT200M,,Done,10005139,23/09/2026,15:25:47,,
NonPharma,LAfCmbQZsr,مراجعة اماكن وجود - بشرة,,6.224E+12,MELATIME(50+)CR GEL120+DEAR CLEAN.200M@#,,Done,10005139,23/09/2026,15:25:47,,
NonPharma,LAfCmbQZsr,مراجعة اماكن وجود - بشرة,,2706919,MIRA NAIL POLISH REMOVER POMEGRANAT200M#,,Done,10005139,23/09/2026,15:25:47,,
NonPharma,LAfCmbQZsr,مراجعة اماكن وجود - بشرة,,6.22301E+12,MOOD CAIRO HAND CR 50G#,,Done,10005139,23/09/2026,15:25:47,,
NonPharma,LAfCmbQZsr,مراجعة اماكن وجود - بشرة,,5.285E+12,MOROCCANOIL BATH SOAP WALNUT 250G+LUFFA#,,Done,10005139,23/09/2026,15:25:47,,
NonPharma,LAfCmbQZsr,مراجعة اماكن وجود - بشرة,,6.22401E+12,NANOTREAT SILVER WHITEN.CLEANSER 200M#,,Done,10005139,23/09/2026,15:25:47,,
NonPharma,LAfCmbQZsr,مراجعة اماكن وجود - بشرة,,5.285E+12,NAT.BOUNTY ALOE VERA PEEL-OFF MASK 100M#,,Done,10005139,23/09/2026,15:25:47,,
NonPharma,LAfCmbQZsr,مراجعة اماكن وجود - بشرة,,2708686,NEBULA LIGHTENING CR.F/ALL SK.75M#,,Done,10005139,23/09/2026,15:25:47,,
NonPharma,LAfCmbQZsr,مراجعة اماكن وجود - بشرة,,3.57466E+12,NEUTROGENA RETIN.BOOST A.AGE NIGHT CR50M,,Done,10005139,23/09/2026,15:25:47,,
NonPharma,LAfCmbQZsr,مراجعة اماكن وجود - بشرة,,42428961,NIVEA ROSE CARE MICELLAR WATER 100M,,Done,10005139,23/09/2026,15:25:47,,
NonPharma,LAfCmbQZsr,مراجعة اماكن وجود - بشرة,,285471,NIVEA SOFT CR 200M,,Done,10005139,23/09/2026,15:25:47,,
NonPharma,LAfCmbQZsr,مراجعة اماكن وجود - بشرة,,285470,NIVEA SOFT CR 50M,,Done,10005139,23/09/2026,15:25:47,,
NonPharma,LAfCmbQZsr,مراجعة اماكن وجود - بشرة,,6.224E+12,NUT BOTAN.S.SCREEN SPF(50)LOT.50M,,Done,10005139,23/09/2026,15:25:47,,
NonPharma,LAfCmbQZsr,مراجعة اماكن وجود - بشرة,,7.25765E+11,OLI PARADISE CAM.MILK MANGO LIGHT.CR80M#,,Done,10005139,23/09/2026,15:25:47,,
NonPharma,LAfCmbQZsr,مراجعة اماكن وجود - بشرة,,7.25765E+11,OLI PARADISE CAME.MILK OUD LIGHT.CR150M#,,Done,10005139,23/09/2026,15:25:47,,
NonPharma,LAfCmbQZsr,مراجعة اماكن وجود - بشرة,,7.25765E+11,OLI PARADISE CAMEL MILK LIGHT.CR80M#,,Done,10005139,23/09/2026,15:25:47,,
NonPharma,LAfCmbQZsr,مراجعة اماكن وجود - بشرة,,7.25765E+11,OLI PARADISE CAMEL MILK OUD LIGHT.CR80M#,,Done,10005139,23/09/2026,15:25:47,,
NonPharma,LAfCmbQZsr,مراجعة اماكن وجود - بشرة,,7.25765E+11,OLI PARADISE YOGURT MANGO MOIST.CR 80M#,,Done,10005139,23/09/2026,15:25:47,,
NonPharma,LAfCmbQZsr,مراجعة اماكن وجود - بشرة,,6.22301E+12,ORCHIDIA CLARIMOND WHITENING CR 50M#,,Done,10005139,23/09/2026,15:25:47,,
NonPharma,LAfCmbQZsr,مراجعة اماكن وجود - بشرة,,6.22401E+12,ORGAKERA COLLAGEN GOLD 5X1 PEE.MASK 120M,,Done,10005139,23/09/2026,15:25:47,,
NonPharma,LAfCmbQZsr,مراجعة اماكن وجود - بشرة,,6.22401E+12,ORIA 2IN1 DIAPER RASH CR 75GM#,,Done,10005139,23/09/2026,15:25:47,,
NonPharma,LAfCmbQZsr,مراجعة اماكن وجود - بشرة,,6.22401E+12,OUCHY LAMORE SK SOOTH.CR 100G#,,Done,10005139,23/09/2026,15:25:47,,
NonPharma,LAfCmbQZsr,مراجعة اماكن وجود - بشرة,,6.22401E+12,OXYGEN O-KERATIN FORTIFYING NAIL CR 20M,,Done,10005139,23/09/2026,15:25:47,,
NonPharma,LAfCmbQZsr,مراجعة اماكن وجود - بشرة,,6.7725E+12,PENDULINE BABY SKIN OIL B.CHAMOMILE 100M,,Done,10005139,23/09/2026,15:25:47,,
NonPharma,LAfCmbQZsr,مراجعة اماكن وجود - بشرة,,3.7601E+12,PLACENTOR A.AGEING F/FACE&NECK CR 50M,,Done,10005139,23/09/2026,15:25:47,,
NonPharma,LAfCmbQZsr,مراجعة اماكن وجود - بشرة,,3.7601E+12,PLACENTOR CLEANSING GEL F/FACE 150M,,Done,10005139,23/09/2026,15:25:47,,
NonPharma,LAfCmbQZsr,مراجعة اماكن وجود - بشرة,,3.7601E+12,PLACENTOR EXFOLIATING CR F/FACE 50M,,Done,10005139,23/09/2026,15:25:47,,
NonPharma,LAfCmbQZsr,مراجعة اماكن وجود - بشرة,,3.7601E+12,PLACENTOR SUN (50) FACE&SENS.AREA CR 40M,,Done,10005139,23/09/2026,15:25:47,,
NonPharma,LAfCmbQZsr,مراجعة اماكن وجود - بشرة,,6.225E+12,QUALITA COTTON PADS ALOE VERA 70PCS,,Done,10005139,23/09/2026,15:25:47,,
NonPharma,LAfCmbQZsr,مراجعة اماكن وجود - بشرة,,6.22401E+12,QUALITA COTTON PADS ARGAN OIL 100PCS,,Done,10005139,23/09/2026,15:25:47,,
NonPharma,LAfCmbQZsr,مراجعة اماكن وجود - بشرة,,6.22401E+12,QUALITA COTTON PADS TOC.CLASSICO 70PCS,,Done,10005139,23/09/2026,15:25:47,,
NonPharma,LAfCmbQZsr,مراجعة اماكن وجود - بشرة,,7.64461E+11,RAW AFRICAN NAIL BOOST.FORMU.AC.(9)CR20M,,Done,10005139,23/09/2026,15:25:47,,
NonPharma,LAfCmbQZsr,مراجعة اماكن وجود - بشرة,,6.225E+12,RENO GEL FACE&BODY ACNE PRONE GEL 60G,,Done,10005139,23/09/2026,15:25:47,,
NonPharma,LAfCmbQZsr,مراجعة اماكن وجود - بشرة,,6.22116E+12,REXONA INVISIBLE 72H DEO.SP.F/W150M CAF@,,Done,10005139,23/09/2026,15:25:47,,
NonPharma,LAfCmbQZsr,مراجعة اماكن وجود - بشرة,,6.22116E+12,REXONA SHO.FRESH 72H DEO.SP.F/W150M CAF@,,Done,10005139,23/09/2026,15:25:47,,
NonPharma,LAfCmbQZsr,مراجعة اماكن وجود - بشرة,,6.22401E+12,RUNWAY NAIL POLISH REMOVER 120M#,,Done,10005139,23/09/2026,15:25:47,,
NonPharma,LAfCmbQZsr,مراجعة اماكن وجود - بشرة,,6.28102E+12,SANITA CHARM ROUND PADS COTTO.80PCS2+1@,,Done,10005139,23/09/2026,15:25:47,,
NonPharma,LAfCmbQZsr,مراجعة اماكن وجود - بشرة,,4.00358E+12,SANOSAN MAMA ANTI STRETCH MARK CR 200M#,,Done,10005139,23/09/2026,15:25:47,,
NonPharma,LAfCmbQZsr,مراجعة اماكن وجود - بشرة,,4.10304E+12,SEBA MED AFTER SUN SOOTH.BALM 150M,,Done,10005139,23/09/2026,15:25:47,,
NonPharma,LAfCmbQZsr,مراجعة اماكن وجود - بشرة,,2708813,SEBA MED MULT.PRO.SUN(50+)CR.75M 1+50%@,,Done,10005139,23/09/2026,15:25:47,,
NonPharma,LAfCmbQZsr,مراجعة اماكن وجود - بشرة,,3.66236E+12,SEBIACLEAR HYDRA A.MARK REPAIR.MOIST.40M,,Done,10005139,23/09/2026,15:25:47,,
NonPharma,LAfCmbQZsr,مراجعة اماكن وجود - بشرة,,6.224E+12,SEE-LIT S.SCREEN SPF(50+) LOT.50G#,,Done,10005139,23/09/2026,15:25:47,,
NonPharma,LAfCmbQZsr,مراجعة اماكن وجود - بشرة,,6.7715E+12,SENSETIA SOFTER C.NIPPLE SK MOIST.CR60G#,,Done,10005139,23/09/2026,15:25:47,,
NonPharma,LAfCmbQZsr,مراجعة اماكن وجود - بشرة,,7.64011E+12,SKINCODE EXCLUSIVE C.WR.PRO.EYE SERUM15M,,Done,10005139,23/09/2026,15:25:47,,
NonPharma,LAfCmbQZsr,مراجعة اماكن وجود - بشرة,,7.64011E+12,SKINCODE EXCLUSIVE CE.NIGHT REF.&REP.50M,,Done,10005139,23/09/2026,15:25:47,,
NonPharma,LAfCmbQZsr,مراجعة اماكن وجود - بشرة,,7.64011E+12,SKINCODE EXCLUSIVE CELL.CLEAN.MILK 200M,,Done,10005139,23/09/2026,15:25:47,,
NonPharma,LAfCmbQZsr,مراجعة اماكن وجود - بشرة,,7.64011E+12,SKINCODE EXCLUSIVE CELLUL.A.AGING CR 50M,,Done,10005139,23/09/2026,15:25:47,,
NonPharma,LAfCmbQZsr,مراجعة اماكن وجود - بشرة,,6.225E+12,SKINISTA HYDR.BOOST F/VER.DRY SK CR100G#,,Done,10005139,23/09/2026,15:25:47,,
NonPharma,LAfCmbQZsr,مراجعة اماكن وجود - بشرة,,6.22401E+12,SKINOVA IMAGE S.SCREEN (SPF50+) LOT.60M,,Done,10005139,23/09/2026,15:25:47,,
NonPharma,LAfCmbQZsr,مراجعة اماكن وجود - بشرة,,2708769,STARVILLE WH.(CLEN.200+R.ON 60+GEL 60)@,,Done,10005139,23/09/2026,15:25:47,,
NonPharma,LAfCmbQZsr,مراجعة اماكن وجود - بشرة,,6.22301E+12,STARVILLE WHITE.MICELL.WATER WIPES 25PCS,,Done,10005139,23/09/2026,15:25:47,,
NonPharma,LAfCmbQZsr,مراجعة اماكن وجود - بشرة,,6.22301E+12,STARVILLE WHITE.MICELL.WATER WIPES 50PCS,,Done,10005139,23/09/2026,15:25:47,,
NonPharma,LAfCmbQZsr,مراجعة اماكن وجود - بشرة,,3.66236E+12,SVR CICAVIT+ BAUME LEVRE.B.LIP BALM 10G,,Done,10005139,23/09/2026,15:25:47,,
NonPharma,LAfCmbQZsr,مراجعة اماكن وجود - بشرة,,3.66236E+12,SVR SEBIACLEAR GEL MOUSSANT 200M,,Done,10005139,23/09/2026,15:25:47,,
NonPharma,LAfCmbQZsr,مراجعة اماكن وجود - بشرة,,4.00858E+12,TITANIA CUTICLE SCISSORS/1050/H BL B,,Done,10005139,23/09/2026,15:25:47,,
NonPharma,LAfCmbQZsr,مراجعة اماكن وجود - بشرة,,4.00858E+12,TITANIA CUTICLE SCISSORS/PS100,,Done,10005139,23/09/2026,15:25:47,,
NonPharma,LAfCmbQZsr,مراجعة اماكن وجود - بشرة,,4.00858E+12,TITANIA EYEBROW SHAPER 3PCS/2928,,Done,10005139,23/09/2026,15:25:47,,
NonPharma,LAfCmbQZsr,مراجعة اماكن وجود - بشرة,,4.00858E+12,TITANIA GIRLS CARE NAIL FILE/1040/PI,,Done,10005139,23/09/2026,15:25:47,,
NonPharma,LAfCmbQZsr,مراجعة اماكن وجود - بشرة,,4.00858E+12,TITANIA INOX TWEEZER SOLINGEN/1090/60,,Done,10005139,23/09/2026,15:25:47,,
NonPharma,LAfCmbQZsr,مراجعة اماكن وجود - بشرة,,4.00858E+12,TITANIA NAIL FILE SOLINGEN LARGE/1049,,Done,10005139,23/09/2026,15:25:47,,
NonPharma,LAfCmbQZsr,مراجعة اماكن وجود - بشرة,,4.00858E+12,TITANIA NAIL FILE SOLINGEN/1040/6,,Done,10005139,23/09/2026,15:25:47,,
NonPharma,LAfCmbQZsr,مراجعة اماكن وجود - بشرة,,4.00858E+12,TITANIA PUMICE SPONGE HAND&FEET/3000,,Done,10005139,23/09/2026,15:25:47,,
NonPharma,LAfCmbQZsr,مراجعة اماكن وجود - بشرة,,4.00858E+12,TITANIA PUMICE SPONGE HAND&FEET/3000/1,,Done,10005139,23/09/2026,15:25:47,,
NonPharma,LAfCmbQZsr,مراجعة اماكن وجود - بشرة,,4.00858E+12,TITANIA SAND NAIL FILES/1031/3B,,Done,10005139,23/09/2026,15:25:47,,
NonPharma,LAfCmbQZsr,مراجعة اماكن وجود - بشرة,,4.00858E+12,TITANIA SOLINGEN NO/1063,,Done,10005139,23/09/2026,15:25:47,,
NonPharma,LAfCmbQZsr,مراجعة اماكن وجود - بشرة,,4.00858E+12,TITANIA TWEEZER SOLINGEN/1060/GA,,Done,10005139,23/09/2026,15:25:47,,
NonPharma,LAfCmbQZsr,مراجعة اماكن وجود - بشرة,,4.00858E+12,TITANIA TWEEZER SOLINGEN/1060/GGA,,Done,10005139,23/09/2026,15:25:47,,
NonPharma,LAfCmbQZsr,مراجعة اماكن وجود - بشرة,,4.00858E+12,TITANIA TWEEZER SOLINGEN/1090/62,,Done,10005139,23/09/2026,15:25:47,,
NonPharma,LAfCmbQZsr,مراجعة اماكن وجود - بشرة,,4.00858E+12,TITANIA TWEEZER/1061,,Done,10005139,23/09/2026,15:25:47,,
NonPharma,LAfCmbQZsr,مراجعة اماكن وجود - بشرة,,6.22401E+12,TRICHUP ALOE VERA GEL F/ALL SK 400M,,Done,10005139,23/09/2026,15:25:47,,
NonPharma,LAfCmbQZsr,مراجعة اماكن وجود - بشرة,,6.22401E+12,UVEPRO DRY TOUCH OIL FREE SPF(50+)CR 50M,,Done,10005139,23/09/2026,15:25:47,,
NonPharma,LAfCmbQZsr,مراجعة اماكن وجود - بشرة,,6.224E+12,VACATION COPPER PEPTIDE SERUM 10% 30M,,Done,10005139,23/09/2026,15:25:47,,
NonPharma,LAfCmbQZsr,مراجعة اماكن وجود - بشرة,,6.224E+12,VACATION FRENCH LUST DEO.R.ON F/W50M1+1@,,Done,10005139,23/09/2026,15:25:47,,
NonPharma,LAfCmbQZsr,مراجعة اماكن وجود - بشرة,,6.224E+12,VACATION HONEY&MILK DEO.R.ON F/W 50M1+1@,,Done,10005139,23/09/2026,15:25:47,,
NonPharma,LAfCmbQZsr,مراجعة اماكن وجود - بشرة,,6.224E+12,VACATION PEARL&ROSE DEO.R.ON F/W 50M1+1@,,Done,10005139,23/09/2026,15:25:47,,
NonPharma,LAfCmbQZsr,مراجعة اماكن وجود - بشرة,,6.22116E+12,VASELINE INTENS.CARE COCO.B.LOT200M10%@,,Done,10005139,23/09/2026,15:25:47,,
NonPharma,LAfCmbQZsr,مراجعة اماكن وجود - بشرة,,6.22116E+12,VASELINE NOURISH.MOISTURE B.LOT.400M15%@,,Done,10005139,23/09/2026,15:25:47,,
NonPharma,LAfCmbQZsr,مراجعة اماكن وجود - بشرة,,6.22401E+12,VAXIL SUNSCREEN SPF(50+)GEL CR SP.100M#,,Done,10005139,23/09/2026,15:25:47,,
NonPharma,LAfCmbQZsr,مراجعة اماكن وجود - بشرة,,2708610,VEE SOLAR TAN OIL SPF(10) 200M#,,Done,10005139,23/09/2026,15:25:47,,
NonPharma,LAfCmbQZsr,مراجعة اماكن وجود - بشرة,,6.22401E+12,VELVET DREAMY NIGHTS BODY LOTION 250M#,,Done,10005139,23/09/2026,15:25:47,,
NonPharma,LAfCmbQZsr,مراجعة اماكن وجود - بشرة,,6.22401E+12,VELVET ROC SENSATION BODY LOTION 250M#,,Done,10005139,23/09/2026,15:25:47,,
NonPharma,LAfCmbQZsr,مراجعة اماكن وجود - بشرة,,6.22401E+12,VELVET ROSEY BODY LOTION 250M#,,Done,10005139,23/09/2026,15:25:47,,
NonPharma,LAfCmbQZsr,مراجعة اماكن وجود - بشرة,,6.22401E+12,VELVET YAY LOVE BODY LOTION 250M#,,Done,10005139,23/09/2026,15:25:47,,
NonPharma,LAfCmbQZsr,مراجعة اماكن وجود - بشرة,,3.33788E+12,VICHY CAPITAL SOLEIL(50+)3X1A.D.SPOTS50M,,Done,10005139,23/09/2026,15:25:47,,
NonPharma,LAfCmbQZsr,مراجعة اماكن وجود - بشرة,,6.22202E+12,VICHY DER.(SHAM.250+BALM200+CONCE.100)@#,,Done,10005139,23/09/2026,15:25:47,,
NonPharma,LAfCmbQZsr,مراجعة اماكن وجود - بشرة,,3.33787E+12,VICHY NORMADERM 3X1 MICELLAR SOLUTI.200M,,Done,10005139,23/09/2026,15:25:47,,
NonPharma,LAfCmbQZsr,مراجعة اماكن وجود - بشرة,,3.33787E+12,VICHY PURETE THERM.FRESH CLEAN.GEL 200M,,Done,10005139,23/09/2026,15:25:47,,
NonPharma,LAfCmbQZsr,مراجعة اماكن وجود - بشرة,,4.00164E+12,WELEDA BABY CALENDULA BABY OIL 200M,,Done,10005139,23/09/2026,15:25:47,,
NonPharma,LAfCmbQZsr,مراجعة اماكن وجود - بشرة,,4.00164E+12,WELEDA FIRMING FACE SERUM POME.&MACA 30M,,Done,10005139,23/09/2026,15:25:47,,
NonPharma,LAfCmbQZsr,مراجعة اماكن وجود - بشرة,,4.00164E+12,WELEDA SKIN FOOD NOURI.CLEANS.BALM 75M,,Done,10005139,23/09/2026,15:25:47,,
NonPharma,LAfCmbQZsr,مراجعة اماكن وجود - بشرة,,4.00164E+12,WELEDA SKIN FOOD ULTRA LIGHT DRY OIL100M,,Done,10005139,23/09/2026,15:25:47,,
NonPharma,LAfCmbQZsr,مراجعة اماكن وجود - بشرة,,6.22401E+12,WHITE SQUARE COTTO.MAKEUP REMOV.PAD.40PC,,Done,10005139,23/09/2026,15:25:47,,
NonPharma,LAfCmbQZsr,مراجعة اماكن وجود - بشرة,,6.22401E+12,WIPE IT MAKEUP REMOVING WIPES 25WIPES,,Done,10005139,23/09/2026,15:25:47,,
NonPharma,LAfCmbQZsr,مراجعة اماكن وجود - بشرة,,6.22301E+12,YOLO N.POLISH REMOVER APPLE PIE 135M,,Done,10005139,23/09/2026,15:25:47,,
NonPharma,LAfCmbQZsr,مراجعة اماكن وجود - بشرة,,6.22301E+12,YOLO N.POLISH REMOVER AQUA 135M,,Done,10005139,23/09/2026,15:25:47,,
NonPharma,LAfCmbQZsr,مراجعة اماكن وجود - بشرة,,6.22301E+12,YOLO N.POLISH REMOVER COLA 135M,,Done,10005139,23/09/2026,15:25:47,,
NonPharma,LAfCmbQZsr,مراجعة اماكن وجود - بشرة,,6.22301E+12,YOLO N.POLISH REMOVER JASMINE 135M,,Done,10005139,23/09/2026,15:25:47,,
NonPharma,LAfCmbQZsr,مراجعة اماكن وجود - بشرة,,6.22301E+12,YOLO N.POLISH REMOVER OUD 135M,,Done,10005139,23/09/2026,15:25:47,,
NonPharma,LAfCmbQZsr,مراجعة اماكن وجود - بشرة,,6.22301E+12,YOLO N.POLISH REMOVER SUNET 135M,,Done,10005139,23/09/2026,15:25:47,,
NonPharma,LAfCmbQZsr,مراجعة اماكن وجود - بشرة,,6.22301E+12,YOUTH-ELIXIR VIT. C A.AGING F.SERUM 30M#,,Done,10005139,23/09/2026,15:25:47,,
NonPharma,iEtA24Hhut,مراجعة اماكن وجود - شاور,,3.41224E+12,ADIDAS WOMAN FRUITY RHTHM B.FRAGR.75M#,,,,,,,
NonPharma,iEtA24Hhut,مراجعة اماكن وجود - شاور,,7.8779E+11,AROMA MIXED BERRIES SH.GEL SCRUB 450M#,,,,,,,
NonPharma,iEtA24Hhut,مراجعة اماكن وجود - شاور,,6.22401E+12,AVUVA GOLD HR REMOV.C.WAX 228G,,,,,,,
NonPharma,iEtA24Hhut,مراجعة اماكن وجود - شاور,,6.22116E+12,AXE BLACK 48H DEO SP.F/M 150M 15LE@,,,,,,,
NonPharma,iEtA24Hhut,مراجعة اماكن وجود - شاور,,6.22116E+12,AXE BLACK NIGHT48H DEO SP.F/M150M 25LE@#,,,,,,,
NonPharma,iEtA24Hhut,مراجعة اماكن وجود - شاور,,6.22116E+12,AXE ICE CHILL 48H DEO SP.F/M 150M 15LE@,,,,,,,
NonPharma,iEtA24Hhut,مراجعة اماكن وجود - شاور,,6.22116E+12,AXE L.&COOKIES 48H DEO SP.F/M 150M 15LE@,,,,,,,
NonPharma,iEtA24Hhut,مراجعة اماكن وجود - شاور,,6.22301E+12,BEESLINE COTTON CANDY R.ON DEOD.2X50M@#,,,,,,,
NonPharma,iEtA24Hhut,مراجعة اماكن وجود - شاور,,5.28102E+12,BEESLINE ELDER ROSE DEO R.ON 2X50M1+1@#,,,,,,,
NonPharma,iEtA24Hhut,مراجعة اماكن وجود - شاور,,5.28102E+12,BEESLINE(F.FREE+I.WHITE)DEO R.ON 50M1+1@,,,,,,,
NonPharma,iEtA24Hhut,مراجعة اماكن وجود - شاور,,3.38646E+12,BOUCHERON QUATRE EDT F/M 50M#,,,,,,,
NonPharma,iEtA24Hhut,مراجعة اماكن وجود - شاور,,6.29111E+12,CAMARA SCANDALOUS B.MIST F/W 250M#,,,,,,,
NonPharma,iEtA24Hhut,مراجعة اماكن وجود - شاور,,260708,CH. 555 NORMAL LEMON EDC 260M#,,,,,,,
NonPharma,iEtA24Hhut,مراجعة اماكن وجود - شاور,,6.29111E+12,CLOUD WOODY CLOUD HR&B.MIST 250M,,,,,,,
NonPharma,iEtA24Hhut,مراجعة اماكن وجود - شاور,,6.22301E+12,DETTOL A.BACT. SKINCARE SOAP 85G@#,,,,,,,
NonPharma,iEtA24Hhut,مراجعة اماكن وجود - شاور,,6.22301E+12,DETTOL A.BACT.HONY&SHEA H.WASH200M 2+1@#,,,,,,,
NonPharma,iEtA24Hhut,مراجعة اماكن وجود - شاور,,6.22301E+12,DETTOL A.BACT.ORIGINAL H.WASH 400M20%@#,,,,,,,
NonPharma,iEtA24Hhut,مراجعة اماكن وجود - شاور,,6.22205E+12,DETTOL DISINFECTANT LIQUID 475M 160LE@#,,,,,,,
NonPharma,iEtA24Hhut,مراجعة اماكن وجود - شاور,,6.29512E+12,DETTOL HAND SANITIZER ORGINAL L.EDI.50M#,,,,,,,
NonPharma,iEtA24Hhut,مراجعة اماكن وجود - شاور,,6.28101E+12,DOVE EVEN TONE 48H DEO SP F/W 150M#,,,,,,,
NonPharma,iEtA24Hhut,مراجعة اماكن وجود - شاور,,6.22116E+12,DOVE EVEN TONE 48H DEO.R.ON F/W 50M#,,,,,,,
NonPharma,iEtA24Hhut,مراجعة اماكن وجود - شاور,,6.22116E+12,DOVE GO FRESH DEO SP 48H F/W 150M 25%@#,,,,,,,
NonPharma,iEtA24Hhut,مراجعة اماكن وجود - شاور,,8.71091E+12,DOVE GO FRESH POMEG.DEO.R.ON F/W 50M#,,,,,,,
NonPharma,iEtA24Hhut,مراجعة اماكن وجود - شاور,,8.71716E+12,DOVE INVISIBLE DRY DEO.SP.F/W 150M#,,,,,,,
NonPharma,iEtA24Hhut,مراجعة اماكن وجود - شاور,,8.71716E+12,DOVE N.SECR.REST.RITUAL DEO SP F/W 150M#,,,,,,,
NonPharma,iEtA24Hhut,مراجعة اماكن وجود - شاور,,6.22116E+12,DOVE ORIGINAL DEO.R.ON 48H F/W 50M 25%@,,,,,,,
NonPharma,iEtA24Hhut,مراجعة اماكن وجود - شاور,,2704293,DOVE ORIGINAL DEOD.SP.F/W 150M20%@#,,,,,,,
NonPharma,iEtA24Hhut,مراجعة اماكن وجود - شاور,,6.22302E+12,EIGHTEEN PLUS VANILLA COCON.SH.GEL 500M#,,,,,,,
NonPharma,iEtA24Hhut,مراجعة اماكن وجود - شاور,,8.05209E+12,EMANUEL U.FR.AM.P.BLACKBERRY EDP F/W100M,,,,,,,
NonPharma,iEtA24Hhut,مراجعة اماكن وجود - شاور,,8.0341E+12,EMANUEL UNGARO FR.AM.GREEN EDT F/W 90M#,,,,,,,
NonPharma,iEtA24Hhut,مراجعة اماكن وجود - شاور,,5.05503E+12,ENLIVEN TOTAL CARE M.WASH 500M#,,,,,,,
NonPharma,iEtA24Hhut,مراجعة اماكن وجود - شاور,,6.22301E+12,ERA STAR B.SPLASH F/M 250M,,,,,,,
NonPharma,iEtA24Hhut,مراجعة اماكن وجود - شاور,,6.28103E+12,FA MEN FRES.FREE LIME&GING.DEO.R.ON 50M#,,,,,,,
NonPharma,iEtA24Hhut,مراجعة اماكن وجود - شاور,,4.015E+12,FA PINK PASSION DEO.SP.F/W 150M#,,,,,,,
NonPharma,iEtA24Hhut,مراجعة اماكن وجود - شاور,,2703972,FIESTA CHOCOLATE FLV. CONDOMS 3PCS▓,,,,,,,
NonPharma,iEtA24Hhut,مراجعة اماكن وجود - شاور,,2703968,FIESTA ROCKET CONDOMS 3PCS▓,,,,,,,
NonPharma,iEtA24Hhut,مراجعة اماكن وجود - شاور,,6.7715E+12,FOAMZ HONEY&OATS MOIST.H.WASH 500M#,,,,,,,
NonPharma,iEtA24Hhut,مراجعة اماكن وجود - شاور,,6.22401E+12,FOGG OAK POCKET SP.F/M 17M,,,,,,,
NonPharma,iEtA24Hhut,مراجعة اماكن وجود - شاور,,7.70202E+12,GILLETTE BLUE II PLUS 15+5PCS@,,,,,,,
NonPharma,iEtA24Hhut,مراجعة اماكن وجود - شاور,,7.70202E+12,GILLETTE FUSION 5 (RAZOR+1BLADE)#,,,,,,,
NonPharma,iEtA24Hhut,مراجعة اماكن وجود - شاور,,7.70202E+12,GILLETTE PROSHIELD(5) BLADES 4PCS,,,,,,,
NonPharma,iEtA24Hhut,مراجعة اماكن وجود - شاور,,6.22202E+12,GLADE AIR FRESHENER LIQ.SP.S.BLOOM 460M,,,,,,,
NonPharma,iEtA24Hhut,مراجعة اماكن وجود - شاور,,6.223E+12,GLADE AIR FRESHENER SP.LAVENDER 460M,,,,,,,
NonPharma,iEtA24Hhut,مراجعة اماكن وجود - شاور,,6.224E+12,HELMADERM SWEET VANILLA DEO R.ON 60M#,,,,,,,
NonPharma,iEtA24Hhut,مراجعة اماكن وجود - شاور,,6.224E+12,HEY GIRL LEO EGO B.SPLASH F/W 150M,,,,,,,
NonPharma,iEtA24Hhut,مراجعة اماكن وجود - شاور,,6.224E+12,HEY GIRL VIRGO GLAM B.SPLASH F/W 150M,,,,,,,
NonPharma,iEtA24Hhut,مراجعة اماكن وجود - شاور,,6.22202E+12,INFINITY LIQUORI.WHITE.SERUM DEO.SP.200M,,,,,,,
NonPharma,iEtA24Hhut,مراجعة اماكن وجود - شاور,,6.222E+12,ISO HAND ANTISEPTIC GEL 75M#,,,,,,,
NonPharma,iEtA24Hhut,مراجعة اماكن وجود - شاور,,3.35599E+12,J.BOGART SILVER SCENT EDT F/M 100M,,,,,,,
NonPharma,iEtA24Hhut,مراجعة اماكن وجود - شاور,,6.22113E+12,KESMA 555 NATURAL LEMON EDC SP.220M,,,,,,,
NonPharma,iEtA24Hhut,مراجعة اماكن وجود - شاور,,6.22401E+12,LIXORA SK WHITENING 48H DEOD.R.ON 75M#,,,,,,,
NonPharma,iEtA24Hhut,مراجعة اماكن وجود - شاور,,6.224E+12,LUCKY OWL BABY BATH&SHAMP.200M#,,,,,,,
NonPharma,iEtA24Hhut,مراجعة اماكن وجود - شاور,,6.22116E+12,LUX MAGICAL ORCHID B.WASH 250M,,,,,,,
NonPharma,iEtA24Hhut,مراجعة اماكن وجود - شاور,,6.22116E+12,LUX MAGICAL ORCHID H.WASH 500M#,,,,,,,
NonPharma,iEtA24Hhut,مراجعة اماكن وجود - شاور,,6.22116E+12,LUX MAGICAL ORCHID SOAP 115G#,,,,,,,
NonPharma,iEtA24Hhut,مراجعة اماكن وجود - شاور,,6.22116E+12,LUX ROMANT.HIBISCUS 30H B.WASH 250M 15%@,,,,,,,
NonPharma,iEtA24Hhut,مراجعة اماكن وجود - شاور,,6.22116E+12,LUX SILKY GARDENIA B.WASH 250M,,,,,,,
NonPharma,iEtA24Hhut,مراجعة اماكن وجود - شاور,,6.22116E+12,LUX VEL.JASMINE&ALMO.OIL H.WASH 500M10%@,,,,,,,
NonPharma,iEtA24Hhut,مراجعة اماكن وجود - شاور,,6.22401E+12,MOOD HAWAII PERFUMED H.WASH 500M,,,,,,,
NonPharma,iEtA24Hhut,مراجعة اماكن وجود - شاور,,6.22301E+12,MOOD INTENSE PERFUMED SH.GEL 750G,,,,,,,
NonPharma,iEtA24Hhut,مراجعة اماكن وجود - شاور,,4.006E+12,NIVEA B&W IN.SIL.SMO.(72)DEO.F/W150M25%@,,,,,,,
NonPharma,iEtA24Hhut,مراجعة اماكن وجود - شاور,,6.22301E+12,NIVEA B&W INV.ORIG.DEO.A.PRE.F/W150M20%@,,,,,,,
NonPharma,iEtA24Hhut,مراجعة اماكن وجود - شاور,,4.0059E+12,NIVEA FRESH CHERRY DEOD.SP.F/W150ML#,,,,,,,
NonPharma,iEtA24Hhut,مراجعة اماكن وجود - شاور,,2702429,NIVEA MEN FRESH ACTIVE DEO.SP.150M 20%@#,,,,,,,
NonPharma,iEtA24Hhut,مراجعة اماكن وجود - شاور,,4.006E+12,NIVEA MEN SILVER PRO.(72)DEO.SP.150M25%@,,,,,,,
NonPharma,iEtA24Hhut,مراجعة اماكن وجود - شاور,,2702432,NIVEA PEARL BEAUTY DEO.SP.F/W 150M20%@,,,,,,,
NonPharma,iEtA24Hhut,مراجعة اماكن وجود - شاور,,6.22301E+12,NIVEA SILVER PROTECT DEO.SP.F/M 150M20%@,,,,,,,
NonPharma,iEtA24Hhut,مراجعة اماكن وجود - شاور,,6.225E+12,NOUSH GENTLE SHAMP.&B.WASH 300M#,,,,,,,
NonPharma,iEtA24Hhut,مراجعة اماكن وجود - شاور,,6.224E+12,OHANABATHS TROPI.ISLAND B.SPLASH F/W200M,,,,,,,
NonPharma,iEtA24Hhut,مراجعة اماكن وجود - شاور,,6.223E+12,ONE IN SHOWER HR REMOV.CR.SENS.SK 125G@#,,,,,,,
NonPharma,iEtA24Hhut,مراجعة اماكن وجود - شاور,,8.69223E+11,PARROTTY BLUSHING PERFUME SP.F/W 250M#,,,,,,,
NonPharma,iEtA24Hhut,مراجعة اماكن وجود - شاور,,6.22116E+12,REXONA M.CEDARWOOD&MINT72H DEO SP.150M@#,,,,,,,
NonPharma,iEtA24Hhut,مراجعة اماكن وجود - شاور,,6.22116E+12,REXONA MEN CHARCOAL FR.72H DEO.SP.150M@#,,,,,,,
NonPharma,iEtA24Hhut,مراجعة اماكن وجود - شاور,,6.22116E+12,REXONA MEN CHARCOAL FRE.DEO.SP.150M12%@#,,,,,,,
NonPharma,iEtA24Hhut,مراجعة اماكن وجود - شاور,,6.22116E+12,REXONA MEN XTRA COOL 72H DEO.R.ON 50M,,,,,,,
NonPharma,iEtA24Hhut,مراجعة اماكن وجود - شاور,,4.0495E+12,RIA SLIP PREMIUM DEO P.LINER 20PCS,,,,,,,
NonPharma,iEtA24Hhut,مراجعة اماكن وجود - شاور,,4.00167E+12,RITEX DELAY CONDOMS 3/PCS▓,,,,,,,
NonPharma,iEtA24Hhut,مراجعة اماكن وجود - شاور,,4.00167E+12,RITEX KINDER WUNSCH CONC.LUBRI.32M GEL+▓,,,,,,,
NonPharma,iEtA24Hhut,مراجعة اماكن وجود - شاور,,6.225E+12,RUSH OCEAN BREEZE EDT F/M 16M#,,,,,,,
NonPharma,iEtA24Hhut,مراجعة اماكن وجود - شاور,,6.22401E+12,RUSH SILVER MUSK EDP F/M 190M#,,,,,,,
NonPharma,iEtA24Hhut,مراجعة اماكن وجود - شاور,,6.225E+12,RUSH SUMMER HEAT EDT F/M 16M#,,,,,,,
NonPharma,iEtA24Hhut,مراجعة اماكن وجود - شاور,,4.89123E+12,SCHICK HYDRO 5 5BLADES 1RAZOR#,,,,,,,
NonPharma,iEtA24Hhut,مراجعة اماكن وجود - شاور,,4.89123E+12,SCHICK INT.EXACTA2 SEN.DISP.RAZOR10+6P@#,,,,,,,
NonPharma,iEtA24Hhut,مراجعة اماكن وجود - شاور,,4.89123E+12,SCHICK INT.EXACTA2 SENS.DISP.RAZOR 5+2P@,,,,,,,
NonPharma,iEtA24Hhut,مراجعة اماكن وجود - شاور,,4.89123E+12,SCHICK INT.XTREME3 SEN.DISP.RAZOR 6+2P@#,,,,,,,
NonPharma,iEtA24Hhut,مراجعة اماكن وجود - شاور,,4.89123E+12,SCHICK INTUITION XTREME3 SENS.8+4RAZORS@,,,,,,,
NonPharma,iEtA24Hhut,مراجعة اماكن وجود - شاور,,6.22117E+12,SMART COLLECTION DUSK B.MIST F/M 250M,,,,,,,
NonPharma,iEtA24Hhut,مراجعة اماكن وجود - شاور,,6.22117E+12,SMART COLLECTION LILY B.MIST F/W 250M,,,,,,,
NonPharma,iEtA24Hhut,مراجعة اماكن وجود - شاور,,6.22117E+12,SMART COLLECTION SPORTIVE B.MIST F/M250M,,,,,,,
NonPharma,iEtA24Hhut,مراجعة اماكن وجود - شاور,,6.22301E+12,STARVILLE WHI.LAVENDER G.DEO.SP.F/W150M#,,,,,,,
NonPharma,iEtA24Hhut,مراجعة اماكن وجود - شاور,,6.67538E+11,V.S NEW SHEER LOVE B.MIST 250M,,,,,,,
NonPharma,iEtA24Hhut,مراجعة اماكن وجود - شاور,,6.29512E+12,VEET WAX STRIPS NORMAL SK 12PCS#,,,,,,,
NonPharma,iEtA24Hhut,مراجعة اماكن وجود - شاور,,5.02372E+12,XAVIER LAUR.XL GRAND PERF.SP.F/M 150M,,,,,,,
NonPharma,iEtA24Hhut,مراجعة اماكن وجود - شاور,,6.22401E+12,ZAK ACE PERFUME SP.F/M 175M,,,,,,,
NonPharma,pGJaGCPXwl,مراجعة اماكن وجود - شعر,,3.7601E+12,ACM NOVOPHANE DS A.DAND.SHAMP.125M,,,,,,,
NonPharma,pGJaGCPXwl,مراجعة اماكن وجود - شعر,,6.22401E+12,ALEJON A.DAND.LOT.150M,,,,,,,
NonPharma,pGJaGCPXwl,مراجعة اماكن وجود - شعر,,8.05367E+12,ANIVAGENE REPAIRING HR MASK 125M,,,,,,,
NonPharma,pGJaGCPXwl,مراجعة اماكن وجود - شعر,,6.22401E+12,ATRAKTA RE/FORCE HR SHAMP.250M,,,,,,,
NonPharma,pGJaGCPXwl,مراجعة اماكن وجود - شعر,,2705363,ATRAKTA RE/FORCE SERUM 200M+SHAM.250@#,,,,,,,
NonPharma,pGJaGCPXwl,مراجعة اماكن وجود - شعر,,6.22401E+12,BIO HAYAH COCONUT OIL 250M#,,,,,,,
NonPharma,pGJaGCPXwl,مراجعة اماكن وجود - شعر,,3207359,BIO TRUE 60ML LENSES SOLU.+,,,,,,,
NonPharma,pGJaGCPXwl,مراجعة اماكن وجود - شعر,,8.69791E+12,BIO VIOLA HR LOSS INTENSE AMP.5X10M,,,,,,,
NonPharma,pGJaGCPXwl,مراجعة اماكن وجود - شعر,,8.68051E+12,BIOBLAS A.HR LOSS F/CURLY HR SHAMP.360M#,,,,,,,
NonPharma,pGJaGCPXwl,مراجعة اماكن وجود - شعر,,8.79996E+11,BIOBLAS A.HR LOSS KERATIN REPA.MASK150M#,,,,,,,
NonPharma,pGJaGCPXwl,مراجعة اماكن وجود - شعر,,9.7802E+12,BIOBLAS(CUR.LIQ.COND200+SOFT HR GEL150@#,,,,,,,
NonPharma,pGJaGCPXwl,مراجعة اماكن وجود - شعر,,3.40134E+12,BIODERMA NODE (DS+) ING SHAMP.125M,,,,,,,
NonPharma,pGJaGCPXwl,مراجعة اماكن وجود - شعر,,8.17513E+11,CANTU S.BUT.W/FLAX.&OLI.OIL HR GEL524GM#,,,,,,,
NonPharma,pGJaGCPXwl,مراجعة اماكن وجود - شعر,,8.17513E+11,CANTU SHEA BUTTER SULFATE FR.SHAMP.400M#,,,,,,,
NonPharma,pGJaGCPXwl,مراجعة اماكن وجود - شعر,,6.28106E+12,CASANOVA NATURAL JASMINE HAIR OIL 210ML,,,,,,,
NonPharma,pGJaGCPXwl,مراجعة اماكن وجود - شعر,,6.22401E+12,CHAOS DAMAGED PRE-WASH HR MASK 300M,,,,,,,
NonPharma,pGJaGCPXwl,مراجعة اماكن وجود - شعر,,6.22401E+12,CHAOS KIDS BLONDE PRE-WASH HR MASK 300M,,,,,,,
NonPharma,pGJaGCPXwl,مراجعة اماكن وجود - شعر,,6.33912E+11,CHI ALOE VERA CURLS DEF.ENHAN.SHAMP.340M,,,,,,,
NonPharma,pGJaGCPXwl,مراجعة اماكن وجود - شعر,,6.22116E+12,CLEAR MEN 3X1 ACT.CLEAN SHAMP.180M CAF@#,,,,,,,
NonPharma,pGJaGCPXwl,مراجعة اماكن وجود - شعر,,6.22116E+12,CLEAR MEN 3X1 W/A.CHARCO.900M DIS.15LE@#,,,,,,,
NonPharma,pGJaGCPXwl,مراجعة اماكن وجود - شعر,,6.22116E+12,CLEAR MEN COOL SPORT MENT.SH.360M SAV15@,,,,,,,
NonPharma,pGJaGCPXwl,مراجعة اماكن وجود - شعر,,6.22116E+12,CLEAR MEN DEEP CLEANSE SHAM.360M SAVE15@,,,,,,,
NonPharma,pGJaGCPXwl,مراجعة اماكن وجود - شعر,,6.22116E+12,CLEAR WOMEN A.HR FALL SHAMP 360M S.15@,,,,,,,
NonPharma,pGJaGCPXwl,مراجعة اماكن وجود - شعر,,6.22116E+12,CLEAR WOMEN SOFT&SHINY SHAMP.180M@,,,,,,,
NonPharma,pGJaGCPXwl,مراجعة اماكن وجود - شعر,,8.05156E+12,CURA ZONA D.NOURISHING EMULSION 200M#,,,,,,,
NonPharma,pGJaGCPXwl,مراجعة اماكن وجود - شعر,,8.05156E+12,CURA ZONA NOUR.DRY HR.SHAMP.200M#,,,,,,,
NonPharma,pGJaGCPXwl,مراجعة اماكن وجود - شعر,,6.224E+12,DABUR VATIKA ALMOND HR CR 125M10%@#,,,,,,,
NonPharma,pGJaGCPXwl,مراجعة اماكن وجود - شعر,,6.29107E+12,DABUR VATIKA ALMOND HR OIL 180M10%@#,,,,,,,
NonPharma,pGJaGCPXwl,مراجعة اماكن وجود - شعر,,6.22401E+12,DABUR VATIKA NA.HR GROWT.SHAMP.360M15%@#,,,,,,,
NonPharma,pGJaGCPXwl,مراجعة اماكن وجود - شعر,,6.22401E+12,DABUR VATIKA VOLUME&THIC.SHAMP.180M15%@#,,,,,,,
NonPharma,pGJaGCPXwl,مراجعة اماكن وجود - شعر,,6.22401E+12,DABUR VATIKA WATERCRESS HR OIL 180M10%@#,,,,,,,
NonPharma,pGJaGCPXwl,مراجعة اماكن وجود - شعر,,77315000155,DAX NEAT WAVES HR DRESS 99GM#,,,,,,,
NonPharma,pGJaGCPXwl,مراجعة اماكن وجود - شعر,,77315009059,DAX SHORT&NEAT BLUE LIGHT HR DRESS 99GM,,,,,,,
NonPharma,pGJaGCPXwl,مراجعة اماكن وجود - شعر,,6.22301E+12,DERMACTIVE BABY GENTLE DEL.HR SHAMP.250M,,,,,,,
NonPharma,pGJaGCPXwl,مراجعة اماكن وجود - شعر,,8.68372E+12,DERMINIX ARGA.OIL&W.PROT.HR CAP MASK50G#,,,,,,,
NonPharma,pGJaGCPXwl,مراجعة اماكن وجود - شعر,,6.22401E+12,DR.ARGAN ADVANCED GROWTH HR SERUM 90M,,,,,,,
NonPharma,pGJaGCPXwl,مراجعة اماكن وجود - شعر,,6.223E+12,E KERATIN D.ACTION INT.HR NOUR.AMP.7X7M,,,,,,,
NonPharma,pGJaGCPXwl,مراجعة اماكن وجود - شعر,,6.223E+12,EGYPTIAN TRE.CASTOR OIL SHAMP.BAR 100G#,,,,,,,
NonPharma,pGJaGCPXwl,مراجعة اماكن وجود - شعر,,6.223E+12,EGYPTIAN TRE.HIBISCUS EXT.SHAMP.BAR100G#,,,,,,,
NonPharma,pGJaGCPXwl,مراجعة اماكن وجود - شعر,,6.223E+12,EGYPTIAN TRE.PAPYRUS EXT.SHAMP.BAR 100G#,,,,,,,
NonPharma,pGJaGCPXwl,مراجعة اماكن وجود - شعر,,6.223E+12,EGYPTIAN TRE.PAYRUS EXT.COND.BAR 100G#,,,,,,,
NonPharma,pGJaGCPXwl,مراجعة اماكن وجود - شعر,,8.90125E+12,EMAMI KESH KING A.HR FALL COND.200M#,,,,,,,
NonPharma,pGJaGCPXwl,مراجعة اماكن وجود - شعر,,8.90125E+12,EMAMI KESH KING A.HR FALL SHAMP.340M#,,,,,,,
NonPharma,pGJaGCPXwl,مراجعة اماكن وجود - شعر,,6.223E+12,EVA HR.CLINIC GOLD AGRAN HR.MASK 200G,,,,,,,
NonPharma,pGJaGCPXwl,مراجعة اماكن وجود - شعر,,6.224E+12,EVER YOUTH A.DAND SHAMP.200M,,,,,,,
NonPharma,pGJaGCPXwl,مراجعة اماكن وجود - شعر,,8.69199E+12,FONEX HAIR GEL EXTRA STRONG 700M#,,,,,,,
NonPharma,pGJaGCPXwl,مراجعة اماكن وجود - شعر,,8.69199E+12,FONEX HAIR GEL ULTRA STRONG 500M#,,,,,,,
NonPharma,pGJaGCPXwl,مراجعة اماكن وجود - شعر,,8.69199E+12,FONEX HAIR GEL ULTRA STRONG 700M#,,,,,,,
NonPharma,pGJaGCPXwl,مراجعة اماكن وجود - شعر,,8.15401E+11,G.K  JUVE.CREAM COLOR INTENSE BLONDE/7.0,,,,,,,
NonPharma,pGJaGCPXwl,مراجعة اماكن وجود - شعر,,2704532,G.K COLOR PRO.(SHAMP.+CONDITIONER)300M@#,,,,,,,
NonPharma,pGJaGCPXwl,مراجعة اماكن وجود - شعر,,8.15401E+11,G.K. THE BEST WAVE/CURL 300M#,,,,,,,
NonPharma,pGJaGCPXwl,مراجعة اماكن وجود - شعر,,3.61034E+12,GARNIER COLOR NATURALS CR/3.61,,,,,,,
NonPharma,pGJaGCPXwl,مراجعة اماكن وجود - شعر,,3.83882E+12,GLISS OIL NUTRIT.STRA.&DAM.HR.SHAMP.400M,,,,,,,
NonPharma,pGJaGCPXwl,مراجعة اماكن وجود - شعر,,4.0151E+12,GLISS ULTIM.REPAIR DA.&DRY HR.COND.360M,,,,,,,
NonPharma,pGJaGCPXwl,مراجعة اماكن وجود - شعر,,3.83882E+12,GLISS ULTIM.REPAIR DA.&DRY HR.SHAMP.400M,,,,,,,
NonPharma,pGJaGCPXwl,مراجعة اماكن وجود - شعر,,6.34159E+11,HAIR BURST AVOCA.&COC.(SHAMP+COND)350M@#,,,,,,,
NonPharma,pGJaGCPXwl,مراجعة اماكن وجود - شعر,,6.223E+12,HAIR CODE HAMMAM CR.A.DAN.F/M SHAMP.340#,,,,,,,
NonPharma,pGJaGCPXwl,مراجعة اماكن وجود - شعر,,6.22401E+12,HEPTA PANTHENOL INTENS.REPAI.HR MASK300G,,,,,,,
NonPharma,pGJaGCPXwl,مراجعة اماكن وجود - شعر,,6.22401E+12,HEPTA PANTHENOL REPAIR&STRENG.SHAMP.300M,,,,,,,
NonPharma,pGJaGCPXwl,مراجعة اماكن وجود - شعر,,6.22202E+12,INFINITY NATUR.CO WASH CLEANS.COND.300M#,,,,,,,
NonPharma,pGJaGCPXwl,مراجعة اماكن وجود - شعر,,2708715,INNOX A.DAND.LOT.100M#,,,,,,,
NonPharma,pGJaGCPXwl,مراجعة اماكن وجود - شعر,,46688100502,JOLEN W/ALOEVERA CR SMALL,,,,,,,
NonPharma,pGJaGCPXwl,مراجعة اماكن وجود - شعر,,6.225E+12,JULLY TOUCH SHE.BUT.&ARG.HR MASK CR500M#,,,,,,,
NonPharma,pGJaGCPXwl,مراجعة اماكن وجود - شعر,,282425,JUSTIN BLUE ANTI-DAND SHAMP.175M,,,,,,,
NonPharma,pGJaGCPXwl,مراجعة اماكن وجود - شعر,,4.89711E+12,KARSEELL M.P.A.HR LOSS COND.500M,,,,,,,
NonPharma,pGJaGCPXwl,مراجعة اماكن وجود - شعر,,4.89711E+12,KARSEELL M.P.A.HR LOSS SHAMP.500M,,,,,,,
NonPharma,pGJaGCPXwl,مراجعة اماكن وجود - شعر,,4.89711E+12,KARSEELL M.P.PURPL.SHAMP.F/BLOND.HR 500M,,,,,,,
NonPharma,pGJaGCPXwl,مراجعة اماكن وجود - شعر,,7.3151E+11,KISS PRO.HR STRAIGHTENER 25MM/KFI04EU,,,,,,,
NonPharma,pGJaGCPXwl,مراجعة اماكن وجود - شعر,,7.3151E+11,KISS PRO.HR STRAIGHTENER13MM/KFI03EU051,,,,,,,
NonPharma,pGJaGCPXwl,مراجعة اماكن وجود - شعر,,322397,LINDO HR SP.250M#,,,,,,,
NonPharma,pGJaGCPXwl,مراجعة اماكن وجود - شعر,,6.22401E+12,LUCENTE CAPELLA RICH FOAM SHAMP.200M,,,,,,,
NonPharma,pGJaGCPXwl,مراجعة اماكن وجود - شعر,,6.22104E+12,LUNA PANTHENOL HR SHAMP.+NEEM OIL 200M#,,,,,,,
NonPharma,pGJaGCPXwl,مراجعة اماكن وجود - شعر,,6.222E+12,MIGOS HR BRUSH (1+1)/03631@,,,,,,,
NonPharma,pGJaGCPXwl,مراجعة اماكن وجود - شعر,,6.222E+12,MIGOS HR BRUSH BLACK REF/157,,,,,,,
NonPharma,pGJaGCPXwl,مراجعة اماكن وجود - شعر,,6.222E+12,MIGOS HR BRUSH/03041,,,,,,,
NonPharma,pGJaGCPXwl,مراجعة اماكن وجود - شعر,,6.222E+12,MIGOS HR BRUSH/3061,,,,,,,
NonPharma,pGJaGCPXwl,مراجعة اماكن وجود - شعر,,6.222E+12,MIGOS HR BRUSH/6037,,,,,,,
NonPharma,pGJaGCPXwl,مراجعة اماكن وجود - شعر,,6.222E+12,MIGOS HR CLAMPS 2PCS/HCL-08565,,,,,,,
NonPharma,pGJaGCPXwl,مراجعة اماكن وجود - شعر,,6.222E+12,MIGOS HR CLAMPS 2PCS/HCL-08567,,,,,,,
NonPharma,pGJaGCPXwl,مراجعة اماكن وجود - شعر,,6.222E+12,MIGOS HR CLAMPS 4PCS/HCL-08564,,,,,,,
NonPharma,pGJaGCPXwl,مراجعة اماكن وجود - شعر,,6.222E+12,MIGOS HR COMB/03004,,,,,,,
NonPharma,pGJaGCPXwl,مراجعة اماكن وجود - شعر,,278453,MORGANA ROLLERS FOR HAIR NO.2 LE 20,,,,,,,
NonPharma,pGJaGCPXwl,مراجعة اماكن وجود - شعر,,261915,NIZAPEX SHAMP.80M,,,,,,,
NonPharma,pGJaGCPXwl,مراجعة اماكن وجود - شعر,,6.59049E+11,NOVO HAIR COLOR PROTECT SHAMP.450M,,,,,,,
NonPharma,pGJaGCPXwl,مراجعة اماكن وجود - شعر,,6.59049E+11,NOVO HAIR CURL&SHINE COND.450M,,,,,,,
NonPharma,pGJaGCPXwl,مراجعة اماكن وجود - شعر,,6.59049E+11,NOVO HAIR CURL&SHINE SHAMP.450M,,,,,,,
NonPharma,pGJaGCPXwl,مراجعة اماكن وجود - شعر,,6.59049E+11,NOVO HAIR NOURISH&GLOSS COND.450M,,,,,,,
NonPharma,pGJaGCPXwl,مراجعة اماكن وجود - شعر,,6.59049E+11,NOVO HAIR NOURISH&GLOSS SHAMP.450M,,,,,,,
NonPharma,pGJaGCPXwl,مراجعة اماكن وجود - شعر,,6.59049E+11,NOVO HAIR VOLUME&BOOST COND.450M,,,,,,,
NonPharma,pGJaGCPXwl,مراجعة اماكن وجود - شعر,,6.59049E+11,NOVO HAIR VOLUME&BOOST SHAMP.450M,,,,,,,
NonPharma,pGJaGCPXwl,مراجعة اماكن وجود - شعر,,3.57466E+12,OGX ARGAN OIL OF MOROCCO E.PENTR.OIL100M,,,,,,,
NonPharma,pGJaGCPXwl,مراجعة اماكن وجود - شعر,,3.57466E+12,OGX COCONUT MILK SERUM 100M,,,,,,,
NonPharma,pGJaGCPXwl,مراجعة اماكن وجود - شعر,,6.32169E+11,ORS OLIVE OIL NOURISH.HR SHEEN SP.472M#,,,,,,,
NonPharma,pGJaGCPXwl,مراجعة اماكن وجود - شعر,,6.22401E+12,OXYGEN O-KERATIN A.HR LOSS SHAMP.200M,,,,,,,
NonPharma,pGJaGCPXwl,مراجعة اماكن وجود - شعر,,3.83882E+12,PALETTE PERMANENT NATURALS COLOR CR/6.68,,,,,,,
NonPharma,pGJaGCPXwl,مراجعة اماكن وجود - شعر,,3.83882E+12,PALETTE PERMANENT NATURALS COLOR CR/7.65,,,,,,,
NonPharma,pGJaGCPXwl,مراجعة اماكن وجود - شعر,,8.00109E+12,PANTENE PRO-V MOIST.RENEW.OIL REPLA.275M,,,,,,,
NonPharma,pGJaGCPXwl,مراجعة اماكن وجود - شعر,,6.223E+12,PARACHUTE ADV.COCO.HR.OIL W/VIT.(E)180M#,,,,,,,
NonPharma,pGJaGCPXwl,مراجعة اماكن وجود - شعر,,6.624E+12,PENDULINE KIDS HR MASK 300M,,,,,,,
NonPharma,pGJaGCPXwl,مراجعة اماكن وجود - شعر,,6.224E+12,PROTE CARE HR TONING CR 100G#,,,,,,,
NonPharma,pGJaGCPXwl,مراجعة اماكن وجود - شعر,,6.224E+12,QUIDADO KIDS HR CR 200GM#,,,,,,,
NonPharma,pGJaGCPXwl,مراجعة اماكن وجود - شعر,,7.64461E+11,RAW AFRICAN HYD.NOURI.LEAVE IN COND.200M,,,,,,,
NonPharma,pGJaGCPXwl,مراجعة اماكن وجود - شعر,,7.21689E+11,RAW AFRICAN JUNIOR.2IN1 SHAMP.&COND.300M,,,,,,,
NonPharma,pGJaGCPXwl,مراجعة اماكن وجود - شعر,,3211973,RENU 120ML LENSES SOLU.+(270LE)@,,,,,,,
NonPharma,pGJaGCPXwl,مراجعة اماكن وجود - شعر,,7.62497E+11,RESELIENCE GOLD COND.F/DRY&DAMA.HR 300M,,,,,,,
NonPharma,pGJaGCPXwl,مراجعة اماكن وجود - شعر,,7.62497E+11,RESELIENCE GOLD SHAMP.F/DRY&DAMA.HR 300M,,,,,,,
NonPharma,pGJaGCPXwl,مراجعة اماكن وجود - شعر,,2708855,RESTOREX COLL.&BIO.VOL.LIQ.COND.200M25%@,,,,,,,
NonPharma,pGJaGCPXwl,مراجعة اماكن وجود - شعر,,2708859,RESTOREX SPEED&STR.A.DAND.SHAMP.500M25%@,,,,,,,
NonPharma,pGJaGCPXwl,مراجعة اماكن وجود - شعر,,8.43223E+12,REVLON UNIQ ONE A.I.ONE HR MASK 300M,,,,,,,
NonPharma,pGJaGCPXwl,مراجعة اماكن وجود - شعر,,8.43223E+12,REVLON UNIQ ONE A.I.ONE SHAMP.490M,,,,,,,
NonPharma,pGJaGCPXwl,مراجعة اماكن وجود - شعر,,8.43656E+12,ROOFA HR STYLING SCISSORS/004SC,,,,,,,
NonPharma,pGJaGCPXwl,مراجعة اماكن وجود - شعر,,8.50065E+11,RUSH BRUSH RB°1 SULFATE-FREE SHAMP.600M#,,,,,,,
NonPharma,pGJaGCPXwl,مراجعة اماكن وجود - شعر,,284346,SELENGENA A.DAND.SHAMP.120M,,,,,,,
NonPharma,pGJaGCPXwl,مراجعة اماكن وجود - شعر,,6.224E+12,SENATOR HR COND.200M#,,,,,,,
NonPharma,pGJaGCPXwl,مراجعة اماكن وجود - شعر,,2708706,SENATOR(SHAMP.200M+SERUM 100M)@#,,,,,,,
NonPharma,pGJaGCPXwl,مراجعة اماكن وجود - شعر,,6.22401E+12,SKINOVA IMAGE REPAIR.SHAMP.DAMA.HR 250M,,,,,,,
NonPharma,pGJaGCPXwl,مراجعة اماكن وجود - شعر,,6.22401E+12,SOLODEX ROOTS CR INTENSE REPAIR CR 120M#,,,,,,,
NonPharma,pGJaGCPXwl,مراجعة اماكن وجود - شعر,,6.7725E+12,SOMAVIE CURLY ARGA.OIL LEAVE IN CR 250M#,,,,,,,
NonPharma,pGJaGCPXwl,مراجعة اماكن وجود - شعر,,6.223E+12,STARKY HERBA.HR DYE SHAMP.BLOND250M/B50#,,,,,,,
NonPharma,pGJaGCPXwl,مراجعة اماكن وجود - شعر,,6.223E+12,STARKY HERBAL HR DYE SHAMP.BROWN250M/B20,,,,,,,
NonPharma,pGJaGCPXwl,مراجعة اماكن وجود - شعر,,6.223E+12,STARKY HERBAL HR DYE SHAMP.GRAY250M/G40#,,,,,,,
NonPharma,pGJaGCPXwl,مراجعة اماكن وجود - شعر,,6.223E+12,STARKY HERBAL HR DYE SHAMP.RED 250M/R30#,,,,,,,
NonPharma,pGJaGCPXwl,مراجعة اماكن وجود - شعر,,6.28101E+12,SUNSILK BYE BYE HR FALL SHAMP.350M#,,,,,,,
NonPharma,pGJaGCPXwl,مراجعة اماكن وجود - شعر,,6.28101E+12,SUNSILK COCONUT MOIST.OIL REPLAC.300M#,,,,,,,
NonPharma,pGJaGCPXwl,مراجعة اماكن وجود - شعر,,6.28101E+12,SUNSILK LEAVE ON CR STRENGTH&SHINE 200M,,,,,,,
NonPharma,pGJaGCPXwl,مراجعة اماكن وجود - شعر,,6.28101E+12,SUNSILK NAT.RE.HONEY A.BREAKA.COND.350M#,,,,,,,
NonPharma,pGJaGCPXwl,مراجعة اماكن وجود - شعر,,6.22116E+12,SUNSILK SOFT&SMOOTH SHAMP.180M(NEW)20%@,,,,,,,
NonPharma,pGJaGCPXwl,مراجعة اماكن وجود - شعر,,6.22116E+12,SUNSILK SOFT&SMOOTH SHAMP.600M(NEW)#,,,,,,,
NonPharma,pGJaGCPXwl,مراجعة اماكن وجود - شعر,,6.22116E+12,SUNSILK STUN.BLACK SHIN.SHAMP.180M(NEW)#,,,,,,,
NonPharma,pGJaGCPXwl,مراجعة اماكن وجود - شعر,,6.22116E+12,SUNSILK THICK&LONG SHAMP.350M#,,,,,,,
NonPharma,pGJaGCPXwl,مراجعة اماكن وجود - شعر,,5.06093E+12,TANGLE TEEZER DETAN.MINI HR BRUSH/81702,,,,,,,
NonPharma,pGJaGCPXwl,مراجعة اماكن وجود - شعر,,5.06093E+12,TANGLE TEEZER DETANGL.HR BRUSH/83096,,,,,,,
NonPharma,pGJaGCPXwl,مراجعة اماكن وجود - شعر,,5.06093E+12,TANGLE TEEZER DETANGLING HR BRUSH/81481,,,,,,,
NonPharma,pGJaGCPXwl,مراجعة اماكن وجود - شعر,,6.22401E+12,THE HAIR ADDICT CURL FUSER,,,,,,,
NonPharma,pGJaGCPXwl,مراجعة اماكن وجود - شعر,,6.22401E+12,THE HAIR ADDICT INFUSION HOOD F/ALL HR.,,,,,,,
NonPharma,pGJaGCPXwl,مراجعة اماكن وجود - شعر,,6.22401E+12,THE HAIR ADDICT T.INDIAN REC.OIL20X10M#,,,,,,,
NonPharma,pGJaGCPXwl,مراجعة اماكن وجود - شعر,,4.00858E+12,TITANIA ACESSORIES F/HR 4PCS/8086/25,,,,,,,
NonPharma,pGJaGCPXwl,مراجعة اماكن وجود - شعر,,4.00858E+12,TITANIA BRUSH F/HR /1336#,,,,,,,
NonPharma,pGJaGCPXwl,مراجعة اماكن وجود - شعر,,4.00858E+12,TITANIA BRUSH F/HR WOOD/2821,,,,,,,
NonPharma,pGJaGCPXwl,مراجعة اماكن وجود - شعر,,4.00858E+12,TITANIA GIRLS CARE HR BAND 5PCS/7983,,,,,,,
NonPharma,pGJaGCPXwl,مراجعة اماكن وجود - شعر,,4.00858E+12,TITANIA GIRLS CARE HR BAND 6PCS/7992B,,,,,,,
NonPharma,pGJaGCPXwl,مراجعة اماكن وجود - شعر,,4.00858E+12,TITANIA GIRLS CARE HR BAND 8PCS/7991B,,,,,,,
NonPharma,pGJaGCPXwl,مراجعة اماكن وجود - شعر,,4.00858E+12,TITANIA HAIR CARE BRUSH HR/1627,,,,,,,
NonPharma,pGJaGCPXwl,مراجعة اماكن وجود - شعر,,4.00858E+12,TITANIA HAIR CARE F/KIDS BRUSH HR/1304,,,,,,,
NonPharma,pGJaGCPXwl,مراجعة اماكن وجود - شعر,,4.00858E+12,TITANIA HR BRUSH/2812,,,,,,,
NonPharma,pGJaGCPXwl,مراجعة اماكن وجود - شعر,,4.00858E+12,TITANIA HR CARE HR BAND 6PCS/7848,,,,,,,
NonPharma,pGJaGCPXwl,مراجعة اماكن وجود - شعر,,4.00858E+12,TITANIA KIDS CARE HR BAND/8523 KIDS,,,,,,,
NonPharma,pGJaGCPXwl,مراجعة اماكن وجود - شعر,,4.00858E+12,TITANIA UNIVERSAL BRUSH/2872,,,,,,,
NonPharma,pGJaGCPXwl,مراجعة اماكن وجود - شعر,,4.00858E+12,TITANIA UNIVERSAL COMB/1801/W,,,,,,,
NonPharma,pGJaGCPXwl,مراجعة اماكن وجود - شعر,,6.22202E+12,TOP HAIR A.HR LOSS LOT.AMPOULES 8X10M#,,,,,,,
NonPharma,pGJaGCPXwl,مراجعة اماكن وجود - شعر,,6.22116E+12,TRESEMME BOTANI.CURL HYDR.COND.400M20%@#,,,,,,,
NonPharma,pGJaGCPXwl,مراجعة اماكن وجود - شعر,,6.28101E+12,TRESEMME FLAWLESS CURLS COND.350M,,,,,,,
NonPharma,pGJaGCPXwl,مراجعة اماكن وجود - شعر,,6.28101E+12,TRESEMME STRENG.&FALL CONTR.SHAMP.400M#,,,,,,,
NonPharma,pGJaGCPXwl,مراجعة اماكن وجود - شعر,,6.22401E+12,TRESS FOLLICLE BOOSTER SHAMP.150M,,,,,,,
NonPharma,pGJaGCPXwl,مراجعة اماكن وجود - شعر,,6.22401E+12,TRICHUP BLACK SEED HERBAL HR CR 75M#,,,,,,,
NonPharma,pGJaGCPXwl,مراجعة اماكن وجود - شعر,,6.22401E+12,TRICHUP BLACK SEED HR MASK 450M#,,,,,,,
NonPharma,pGJaGCPXwl,مراجعة اماكن وجود - شعر,,6.22401E+12,TRICHUP HR FALL CONTROL HERB.SHAMP.400M,,,,,,,
NonPharma,pGJaGCPXwl,مراجعة اماكن وجود - شعر,,8.00581E+12,TRICOVEL ENERGY MEN STRENGTEN.SHAMP.200M,,,,,,,
NonPharma,pGJaGCPXwl,مراجعة اماكن وجود - شعر,,8.00581E+12,TRICOVEL ENERGY STR.MODELL.WAX F/MEN 60M,,,,,,,
NonPharma,pGJaGCPXwl,مراجعة اماكن وجود - شعر,,8.00581E+12,TRICOVEL OIL NOURISH.OIL SHAMP.200M,,,,,,,
NonPharma,pGJaGCPXwl,مراجعة اماكن وجود - شعر,,8.00581E+12,TRICOVEL PHYSIO GENINA HR VIALS 10X3.5M,,,,,,,
NonPharma,pGJaGCPXwl,مراجعة اماكن وجود - شعر,,6.225E+12,TRUFFLES EXTRA NATURAL HR COND.350M,,,,,,,
NonPharma,pGJaGCPXwl,مراجعة اماكن وجود - شعر,,6.225E+12,TRUFFLES EXTRA NATURAL HR SHAMP.380M,,,,,,,
NonPharma,pGJaGCPXwl,مراجعة اماكن وجود - شعر,,6.225E+12,TRUFFLES MON BLEU A.DAND.SHAMP.200M,,,,,,,
NonPharma,pGJaGCPXwl,مراجعة اماكن وجود - شعر,,6.225E+12,TRUFFLES SOLA HR MIST VANILL.WHISPER 70M,,,,,,,
NonPharma,pGJaGCPXwl,مراجعة اماكن وجود - شعر,,6.224E+12,VATIKA ALMOND&HONEY MOIST.TREA.COND.360M,,,,,,,
NonPharma,pGJaGCPXwl,مراجعة اماكن وجود - شعر,,6.224E+12,VATIKA SPIKE UP(6)STRONG HOLD GEL 185M#,,,,,,,
NonPharma,pGJaGCPXwl,مراجعة اماكن وجود - شعر,,6.224E+12,VATIKA SPLASH EFFE.(3)WET LOOK GEL250M@#,,,,,,,
NonPharma,pGJaGCPXwl,مراجعة اماكن وجود - شعر,,6.22401E+12,VERDEX PRIME HAIR FORTE LOT.200M#,,,,,,,
NonPharma,pGJaGCPXwl,مراجعة اماكن وجود - شعر,,39571068089,VITAL CARE 12-IN-ONE KERATI.LEAVE IN300M,,,,,,,
NonPharma,pGJaGCPXwl,مراجعة اماكن وجود - شعر,,6.224E+12,VIVIDOL PERFECTA HR OIL 120M#,,,,,,,
NonPharma,pGJaGCPXwl,مراجعة اماكن وجود - شعر,,7.36659E+11,WET BRUSH DISNEP MINI/BWR832MMJY#,,,,,,,
NonPharma,pGJaGCPXwl,مراجعة اماكن وجود - شعر,,7.36659E+11,WET BRUSH ORIGINAL DETANGLER/BWR830MRSL,,,,,,,
NonPharma,pGJaGCPXwl,مراجعة اماكن وجود - شعر,,7.36659E+11,WET BRUSH ORIGINAL DETANGLER/BWR830NMBS,,,,,,,
NonPharma,pGJaGCPXwl,مراجعة اماكن وجود - شعر,,7.36658E+11,WET BRUSH PRO DETANGLER/BWP830RBPR,,,,,,,
NonPharma,pGJaGCPXwl,مراجعة اماكن وجود - شعر,,7.36659E+11,WET BRUSH PRO THIN HAIR DETA./BWP830CCTB,,,,,,,
NonPharma,pGJaGCPXwl,مراجعة اماكن وجود - شعر,,7.36659E+11,WET BRUSH TXTURE PRO EXTEN./BWP840TXTG#,,,,,,,
NonPharma,pGJaGCPXwl,مراجعة اماكن وجود - شعر,,6.224E+12,YOULICIOUS A.HR LOSS SHAMP.400M,,,,,,,
NonPharma,AVbiETv14a,مراجعة اماكن وجود - مستلزمات طبية,,321457,ACCU-CHEK SOFTCLIX (LANCING DEVICE)▓,,,,,,,
NonPharma,AVbiETv14a,مراجعة اماكن وجود - مستلزمات طبية,,3701660,ADH DRESS.TEGADERM+PAD(W.P.)6X10CM(3584▓,,,,,,,
NonPharma,AVbiETv14a,مراجعة اماكن وجود - مستلزمات طبية,,3701655,ADH DRESS.TEGADERM+PAD(W.P.)9X10CM(3586▓,,,,,,,
NonPharma,AVbiETv14a,مراجعة اماكن وجود - مستلزمات طبية,,3702068,APEX TWIN SPOON (70003)▓,,,,,,,
NonPharma,AVbiETv14a,مراجعة اماكن وجود - مستلزمات طبية,,4.21113E+12,BEURER BLD.PRE.MON.CLASSIC BM23▓,,,,,,,
NonPharma,AVbiETv14a,مراجعة اماكن وجود - مستلزمات طبية,,4.21113E+12,BEURER BLOOD PRESSURE MONITOR BC30▓,,,,,,,
NonPharma,AVbiETv14a,مراجعة اماكن وجود - مستلزمات طبية,,4.21113E+12,BEURER W.BEING HEATED UNDERBLANKET/TS15▓,,,,,,,
NonPharma,AVbiETv14a,مراجعة اماكن وجود - مستلزمات طبية,,345167,BIONIME (G300) 50/STRIP▓,,,,,,,
NonPharma,AVbiETv14a,مراجعة اماكن وجود - مستلزمات طبية,,4.71724E+12,BODYFIX WRIST THUMB SPLINT(R)(L)/C005▓,,,,,,,
NonPharma,AVbiETv14a,مراجعة اماكن وجود - مستلزمات طبية,,4.71724E+12,BODYFIX WRIST THUMB SPLINT(R)(XXL)/C005▓,,,,,,,
NonPharma,AVbiETv14a,مراجعة اماكن وجود - مستلزمات طبية,,3702972,BREMED BREAST SCAN/BD2200▓,,,,,,,
NonPharma,AVbiETv14a,مراجعة اماكن وجود - مستلزمات طبية,,4.89706E+12,BREMED U.BACK SUP.&SEAT COM.PILL.BD6610▓,,,,,,,
NonPharma,AVbiETv14a,مراجعة اماكن وجود - مستلزمات طبية,,3702537,COAGUCHEK XS PT TEST PST 24/STRIP▓,,,,,,,
NonPharma,AVbiETv14a,مراجعة اماكن وجود - مستلزمات طبية,,1.96008E+11,COMFY FOAM ERGONOMIC CUSHION\PL▓,,,,,,,
NonPharma,AVbiETv14a,مراجعة اماكن وجود - مستلزمات طبية,,1.96008E+11,COMFY FOAM FULL BIKINI CORSET(4XL)\PL▓#,,,,,,,
NonPharma,AVbiETv14a,مراجعة اماكن وجود - مستلزمات طبية,,1.96008E+11,COMFY FOAM OFFICE&CAR SEAT B.SUPPORT\PL▓,,,,,,,
NonPharma,AVbiETv14a,مراجعة اماكن وجود - مستلزمات طبية,,3702933,CONVATEC NATURA HARD 45MM 10P▓,,,,,,,
NonPharma,AVbiETv14a,مراجعة اماكن وجود - مستلزمات طبية,,1.96008E+11,DELTA ANKLE SUPPORT (XL)\PL▓,,,,,,,
NonPharma,AVbiETv14a,مراجعة اماكن وجود - مستلزمات طبية,,1.96008E+11,DELTA GAUZE BANDAGE 15CM\PL▓,,,,,,,
NonPharma,AVbiETv14a,مراجعة اماكن وجود - مستلزمات طبية,,1.96008E+11,DELTA VERTEBRAL BELT (3XL)\PL▓,,,,,,,
NonPharma,AVbiETv14a,مراجعة اماكن وجود - مستلزمات طبية,,1.96008E+11,DELTA VERTEBRAL BELT (XXL)\PL▓,,,,,,,
NonPharma,AVbiETv14a,مراجعة اماكن وجود - مستلزمات طبية,,1.96008E+11,DELTA WRIST BRACE R (M)\PL▓,,,,,,,
NonPharma,AVbiETv14a,مراجعة اماكن وجود - مستلزمات طبية,,1.96008E+11,DELTA WRIST BRACE R (XXL)\PL▓,,,,,,,
NonPharma,AVbiETv14a,مراجعة اماكن وجود - مستلزمات طبية,,1.96008E+11,DELTA WRIST SUPPORT (L)\PL▓,,,,,,,
NonPharma,AVbiETv14a,مراجعة اماكن وجود - مستلزمات طبية,,3700062,DRESSING PROFIX 10*35CM 40/PIECE▓,,,,,,,
NonPharma,AVbiETv14a,مراجعة اماكن وجود - مستلزمات طبية,,370748,FIRST AID BAG(NOT FOR SALE)▓,,,,,,,
NonPharma,AVbiETv14a,مراجعة اماكن وجود - مستلزمات طبية,,3702844,FLYON D.POCK.ARM SL.WAIST BELT/L/1423B▓,,,,,,,
NonPharma,AVbiETv14a,مراجعة اماكن وجود - مستلزمات طبية,,3702823,FLYON D-RING WRIST&TH.BRACE1SIZE/L/3111▓,,,,,,,
NonPharma,AVbiETv14a,مراجعة اماكن وجود - مستلزمات طبية,,3701214,FLYON ELASTIC OPEN ANKLE SUPP./M/1901▓,,,,,,,
NonPharma,AVbiETv14a,مراجعة اماكن وجود - مستلزمات طبية,,3702851,FLYON NEOPRENE SHOULDER BRACE/3XL/1402▓,,,,,,,
NonPharma,AVbiETv14a,مراجعة اماكن وجود - مستلزمات طبية,,3703049,FLYON POSTURE SUPPORT/XL/7411▓,,,,,,,
NonPharma,AVbiETv14a,مراجعة اماكن وجود - مستلزمات طبية,,3701038,FLYON VENTILATED LUMBAR SUPP./XXL/1520▓,,,,,,,
NonPharma,AVbiETv14a,مراجعة اماكن وجود - مستلزمات طبية,,3205990,GOLD T (IUD) LOOP+▓,,,,,,,
NonPharma,AVbiETv14a,مراجعة اماكن وجود - مستلزمات طبية,,1.27178E+11,GRANZIA FOOT GYM MASSAGER/LY-238B▓,,,,,,,
NonPharma,AVbiETv14a,مراجعة اماكن وجود - مستلزمات طبية,,4.04687E+12,HOT&COLD PACK(GEL)SH.&NECK/SMART C.(RE.▓,,,,,,,
NonPharma,AVbiETv14a,مراجعة اماكن وجود - مستلزمات طبية,,3702723,ICE BAG (1 GEL PACK)F/INSULIN PEN▓,,,,,,,
NonPharma,AVbiETv14a,مراجعة اماكن وجود - مستلزمات طبية,,3702872,ICE BOX M COOL (MEDIZANA) LARGE▓,,,,,,,
NonPharma,AVbiETv14a,مراجعة اماكن وجود - مستلزمات طبية,,3702108,I-M DEL.LUMBAR SUPP.W/6STAYS L/WB539▓,,,,,,,
NonPharma,AVbiETv14a,مراجعة اماكن وجود - مستلزمات طبية,,3700341,I-M RIGID HARD COLLAR (OH-001)(M)▓,,,,,,,
NonPharma,AVbiETv14a,مراجعة اماكن وجود - مستلزمات طبية,,3702074,I-M SOFT CERVICAL COLLAR OH-0002 (XL)▓,,,,,,,
NonPharma,AVbiETv14a,مراجعة اماكن وجود - مستلزمات طبية,,3702686,INDISPENSABLE PRESCR.F/PHARMACISTS BOOK▓,,,,,,,
NonPharma,AVbiETv14a,مراجعة اماكن وجود - مستلزمات طبية,,370258,JASPER ABDOMINAL BELT 20CM  M (F701)▓,,,,,,,
NonPharma,AVbiETv14a,مراجعة اماكن وجود - مستلزمات طبية,,370281,JASPER ANKLE SUPPORT  L (ET006)▓,,,,,,,
NonPharma,AVbiETv14a,مراجعة اماكن وجود - مستلزمات طبية,,370273,JASPER BIO ANKLE SUPPORT  XL (SB006)▓,,,,,,,
NonPharma,AVbiETv14a,مراجعة اماكن وجود - مستلزمات طبية,,370379,JASPER CLAVICLE BELT  XL (FSP-901)▓,,,,,,,
NonPharma,AVbiETv14a,مراجعة اماكن وجود - مستلزمات طبية,,370380,JASPER CLAVICLE BELT  XXL (FSP-901)▓,,,,,,,
NonPharma,AVbiETv14a,مراجعة اماكن وجود - مستلزمات طبية,,370311,JASPER HERNIA SUPP LEFT UNISIZE(JAS-HS)▓,,,,,,,
NonPharma,AVbiETv14a,مراجعة اماكن وجود - مستلزمات طبية,,370358,JASPER KNEE LYCRA M (LB005)▓,,,,,,,
NonPharma,AVbiETv14a,مراجعة اماكن وجود - مستلزمات طبية,,324552,JASPER NEOP. OPEN KNEE 3XL(EN005HP)▓,,,,,,,
NonPharma,AVbiETv14a,مراجعة اماكن وجود - مستلزمات طبية,,370319,JASPER NEOP. OPEN KNEE L (EN005HP)▓,,,,,,,
NonPharma,AVbiETv14a,مراجعة اماكن وجود - مستلزمات طبية,,3700263,JASPER NEOP. WRIST SPLINT RIGHT (N001B)▓,,,,,,,
NonPharma,AVbiETv14a,مراجعة اماكن وجود - مستلزمات طبية,,370290,JASPER OPEN ANKLE SUPPORT  L (1006)▓,,,,,,,
NonPharma,AVbiETv14a,مراجعة اماكن وجود - مستلزمات طبية,,370291,JASPER OPEN ANKLE SUPPORT  XL (1006)▓,,,,,,,
NonPharma,AVbiETv14a,مراجعة اماكن وجود - مستلزمات طبية,,370331,JASPER OPEN KNEE(4)METAL SPR.L EN005C2▓,,,,,,,
NonPharma,AVbiETv14a,مراجعة اماكن وجود - مستلزمات طبية,,3701335,JASPER POUCH ARM SLING JUNIOR/JASPASJR▓,,,,,,,
NonPharma,AVbiETv14a,مراجعة اماكن وجود - مستلزمات طبية,,370351,JASPER SOFT KNEE SUPPORT M (ET005)▓,,,,,,,
NonPharma,AVbiETv14a,مراجعة اماكن وجود - مستلزمات طبية,,370415,JASPER SOFT KNEE SUPPORT S (ET005)▓,,,,,,,
NonPharma,AVbiETv14a,مراجعة اماكن وجود - مستلزمات طبية,,370353,JASPER SOFT KNEE SUPPORT XL (ET005)▓,,,,,,,
NonPharma,AVbiETv14a,مراجعة اماكن وجود - مستلزمات طبية,,370373,JASPER THIGH SUPPORT M (ET004)▓,,,,,,,
NonPharma,AVbiETv14a,مراجعة اماكن وجود - مستلزمات طبية,,370376,JASPER THIGH SUPPORT XXL (ET004)▓,,,,,,,
NonPharma,AVbiETv14a,مراجعة اماكن وجود - مستلزمات طبية,,326002,JASPER UMBILICAL BELT INF UNISIZE(HP-B)▓,,,,,,,
NonPharma,AVbiETv14a,مراجعة اماكن وجود - مستلزمات طبية,,8.05702E+12,MEDEL DIGITAL THERMOMETER/95089&95128▓,,,,,,,
NonPharma,AVbiETv14a,مراجعة اماكن وجود - مستلزمات طبية,,281218,MOVE MALLET FINGER LONG▓,,,,,,,
NonPharma,AVbiETv14a,مراجعة اماكن وجود - مستلزمات طبية,,6.77443E+11,MOVE POSTURE CORRECTOR BRACE/L/MV017▓,,,,,,,
NonPharma,AVbiETv14a,مراجعة اماكن وجود - مستلزمات طبية,,6.77443E+11,MOVE POSTURE CORRECTOR BRACE/M/MV017▓,,,,,,,
NonPharma,AVbiETv14a,مراجعة اماكن وجود - مستلزمات طبية,,6.77443E+11,MOVE POSTURE CORRECTOR BRACE/XXL/MV017▓,,,,,,,
NonPharma,AVbiETv14a,مراجعة اماكن وجود - مستلزمات طبية,,3703004,NEBULIZER PL.HEALTH BLOWZ PRTAB.(ASTRA)▓,,,,,,,
NonPharma,AVbiETv14a,مراجعة اماكن وجود - مستلزمات طبية,,3210060,NEBULIZER PLANT HEALTH JET/VP-C7▓,,,,,,,
NonPharma,AVbiETv14a,مراجعة اماكن وجود - مستلزمات طبية,,3210063,NOVACHECK B.G.M.+50STRIP+10LANC/LM-602@▓,,,,,,,
NonPharma,AVbiETv14a,مراجعة اماكن وجود - مستلزمات طبية,,3702684,ON CALL PLUS BLD GLUCOSE TEST 50/STRIP▓,,,,,,,
NonPharma,AVbiETv14a,مراجعة اماكن وجود - مستلزمات طبية,,3703105,ONE TOUCH SELECT PLUS 25/STRIP▓,,,,,,,
NonPharma,AVbiETv14a,مراجعة اماكن وجود - مستلزمات طبية,,3703047,ONE TOUCH SELECT PLUS MONITOR+25STRIP@▓,,,,,,,
NonPharma,AVbiETv14a,مراجعة اماكن وجود - مستلزمات طبية,,3702058,P.BIDET(SHATTAF)775ML(2/PC)/FRESH BUZZ@▓,,,,,,,
NonPharma,AVbiETv14a,مراجعة اماكن وجود - مستلزمات طبية,,310046,PAIN TAPE 5CMX5M/BB-E050▓,,,,,,,
NonPharma,AVbiETv14a,مراجعة اماكن وجود - مستلزمات طبية,,5.06065E+12,PL.HEALTH BLOOD GLUCOSE MONIT.25/STRIP▓,,,,,,,
NonPharma,AVbiETv14a,مراجعة اماكن وجود - مستلزمات طبية,,5.06065E+12,PL.HEALTH OXIMETER FINGER/YM103▓,,,,,,,
NonPharma,AVbiETv14a,مراجعة اماكن وجود - مستلزمات طبية,,5.06065E+12,PL.HEALTH THERMO CARE FOOT EL.WARMER▓,,,,,,,
NonPharma,AVbiETv14a,مراجعة اماكن وجود - مستلزمات طبية,,3702135,PLASTER PIC PROTEC.MIX ANTI-BAC.20/PCS▓,,,,,,,
NonPharma,AVbiETv14a,مراجعة اماكن وجود - مستلزمات طبية,,6.22201E+12,RELAXO CAST SHOES SIZE (S)\PL▓,,,,,,,
NonPharma,AVbiETv14a,مراجعة اماكن وجود - مستلزمات طبية,,6.22301E+12,RICRAC RALL PORTA.TAILBONE CUSHION/BLUE▓,,,,,,,
NonPharma,AVbiETv14a,مراجعة اماكن وجود - مستلزمات طبية,,323152,SOFT CARE FULL L.SILIC.INSOLE(46)SI500D▓,,,,,,,
NonPharma,AVbiETv14a,مراجعة اماكن وجود - مستلزمات طبية,,3702569,SQUARE BACK SUPPORT CUSHION▓,,,,,,,
NonPharma,AVbiETv14a,مراجعة اماكن وجود - مستلزمات طبية,,3702570,SQUARE SITTING RING▓,,,,,,,
NonPharma,AVbiETv14a,مراجعة اماكن وجود - مستلزمات طبية,,3702802,SYRINGE(ORAL)10ML1PC/ELDAWLIA I.MED▓,,,,,,,
NonPharma,AVbiETv14a,مراجعة اماكن وجود - مستلزمات طبية,,3702213,SYRINGE(ORAL)5ML 3SYRINGE+ADAPTER/DIXY@▓,,,,,,,
NonPharma,AVbiETv14a,مراجعة اماكن وجود - مستلزمات طبية,,8.05809E+12,THERMOMETER PIC VEDO FAMILY/1024059001▓,,,,,,,
NonPharma,AVbiETv14a,مراجعة اماكن وجود - مستلزمات طبية,,6.22401E+12,THERMOMETER ROTAMED FLEX DIGITAL/MC-201▓,,,,,,,
NonPharma,AVbiETv14a,مراجعة اماكن وجود - مستلزمات طبية,,3703106,UD-BIO GLYCOHEMOGLOB.(HBA1C) 25/STRIP▓,,,,,,,
NonPharma,CRiXjTetFf,مراجعة اماكن وجود - ورقيات,,8.00109E+12,ALWAYS COMFORT NORM.P.LINER 20P#,,,,,,,
NonPharma,CRiXjTetFf,مراجعة اماكن وجود - ورقيات,,8.00109E+12,ALWAYS COMFORT NORM.P.LINER 40P#,,,,,,,
NonPharma,CRiXjTetFf,مراجعة اماكن وجود - ورقيات,,8.00109E+12,ALWAYS DAI.LINERS COMF.PROT.NORM.40+20P@,,,,,,,
NonPharma,CRiXjTetFf,مراجعة اماكن وجود - ورقيات,,8.00654E+12,ALWAYS DREAM NIGHT 2X1 MAXI EX.LONG 16P@,,,,,,,
NonPharma,CRiXjTetFf,مراجعة اماكن وجود - ورقيات,,4.0154E+12,ALWAYS EXTRA PROTECT LARGE P.LINER 16P#,,,,,,,
NonPharma,CRiXjTetFf,مراجعة اماكن وجود - ورقيات,,8.70022E+12,ALWAYS PROTECT PLUS MAXI THI.LONG 16PCS@,,,,,,,
NonPharma,CRiXjTetFf,مراجعة اماكن وجود - ورقيات,,8.70022E+12,ALWAYS PROTECT PLUS ULTR.SLIM LONG 16PCS,,,,,,,
NonPharma,CRiXjTetFf,مراجعة اماكن وجود - ورقيات,,6.223E+12,BABYJOY COMP.DIAP.(5)JUNIOR(14-25K)58PCS,,,,,,,
NonPharma,CRiXjTetFf,مراجعة اماكن وجود - ورقيات,,6.223E+12,BABYJOY COMP.DIAPER(3)MEDIUM(6-12K)58PCS,,,,,,,
NonPharma,CRiXjTetFf,مراجعة اماكن وجود - ورقيات,,6.223E+12,BABYJOY COMP.DIAPER(4)LARGE(10-18K)58PCS,,,,,,,
NonPharma,CRiXjTetFf,مراجعة اماكن وجود - ورقيات,,6.223E+12,BABYJOY PANTS(4)STRETCH(11-18K)58PCS,,,,,,,
NonPharma,CRiXjTetFf,مراجعة اماكن وجود - ورقيات,,6.223E+12,BABYJOY PANTS(5)STRETCH(15-22K)52PCS,,,,,,,
NonPharma,CRiXjTetFf,مراجعة اماكن وجود - ورقيات,,8.681E+12,BAMBINO COTTON SWABS 200PCS,,,,,,,
NonPharma,CRiXjTetFf,مراجعة اماكن وجود - ورقيات,,8.681E+12,BAMBINO COTTON SWABS 300PCS,,,,,,,
NonPharma,CRiXjTetFf,مراجعة اماكن وجود - ورقيات,,8.681E+12,BAMBINO EAR COTTON BUDS ADULTS 100PCS,,,,,,,
NonPharma,CRiXjTetFf,مراجعة اماكن وجود - ورقيات,,6.22401E+12,BRIGHT LOOFA MOROCCIAN,,,,,,,
NonPharma,CRiXjTetFf,مراجعة اماكن وجود - ورقيات,,8.88499E+11,CANPED ADULT PANTS(L)(110-150CM)2X8PCS@,,,,,,,
NonPharma,CRiXjTetFf,مراجعة اماكن وجود - ورقيات,,8.86679E+11,CANPED ADULT PANTS(XL)(130-170CM)2X8PCS@,,,,,,,
NonPharma,CRiXjTetFf,مراجعة اماكن وجود - ورقيات,,6.22301E+12,CAREFREE P.LARGE L.SCENT P.LINER20P20%@#,,,,,,,
NonPharma,CRiXjTetFf,مراجعة اماكن وجود - ورقيات,,1.96008E+11,COMFURA FOAM KING LATEX PILLOW\PL▓,,,,,,,
NonPharma,CRiXjTetFf,مراجعة اماكن وجود - ورقيات,,1.96008E+11,COMFURA PREGNANCY WEDGE PILLOW\PL▓,,,,,,,
NonPharma,CRiXjTetFf,مراجعة اماكن وجود - ورقيات,,1.96008E+11,COMFY FISTULA U SEAT PILLOW\PL▓,,,,,,,
NonPharma,CRiXjTetFf,مراجعة اماكن وجود - ورقيات,,1.96008E+11,COMFY FOAM KING HOLLOW PILLOW\PL▓,,,,,,,
NonPharma,CRiXjTetFf,مراجعة اماكن وجود - ورقيات,,1.96008E+11,COMFY FOAM KING MEMORY FOAM PILLOW\PL▓,,,,,,,
NonPharma,CRiXjTetFf,مراجعة اماكن وجود - ورقيات,,1.96008E+11,COMFY FOAM LUMBAR&SEAT PILLOW\PL▓,,,,,,,
NonPharma,CRiXjTetFf,مراجعة اماكن وجود - ورقيات,,6.223E+12,DAISY TOILET PAPER ROLLS 2PCS#,,,,,,,
NonPharma,CRiXjTetFf,مراجعة اماكن وجود - ورقيات,,6.29512E+12,DETTOL A.BACT.FRESH WIPES 10PCS#,,,,,,,
NonPharma,CRiXjTetFf,مراجعة اماكن وجود - ورقيات,,6.29512E+12,DETTOL A.BACT.ORIGINAL WIPES 20PCS#,,,,,,,
NonPharma,CRiXjTetFf,مراجعة اماكن وجود - ورقيات,,6.223E+12,EASY CARE GARDENIA SCENT 40/WIPES,,,,,,,
NonPharma,CRiXjTetFf,مراجعة اماكن وجود - ورقيات,,6.22301E+12,FAMILIA TISSUES A.BACTERIAL 2PLY 500PCS,,,,,,,
NonPharma,CRiXjTetFf,مراجعة اماكن وجود - ورقيات,,6.22301E+12,FAMILIA TISSUES A.BACTERIAL 3PLY 500PCS,,,,,,,
NonPharma,CRiXjTetFf,مراجعة اماكن وجود - ورقيات,,6.251E+12,FINE CARE INCONTINENCE(L)(110-156CM)18P#,,,,,,,
NonPharma,CRiXjTetFf,مراجعة اماكن وجود - ورقيات,,6.251E+12,FINE CARE INCONTINENCE(M)(75-110CM)40PC#,,,,,,,
NonPharma,CRiXjTetFf,مراجعة اماكن وجود - ورقيات,,6.29402E+12,FINE FLUFFY POCKET TISSUES 2PLY 9PCS,,,,,,,
NonPharma,CRiXjTetFf,مراجعة اماكن وجود - ورقيات,,6.224E+12,FRESH KIDDO BABY WIPES W/CAP 70PC#,,,,,,,
NonPharma,CRiXjTetFf,مراجعة اماكن وجود - ورقيات,,5.281E+12,FRESHDAYS 2x1 P.LINER 24PCS,,,,,,,
NonPharma,CRiXjTetFf,مراجعة اماكن وجود - ورقيات,,5.281E+12,FRESHDAYS LONG SCENTED P.LINER 24PCS,,,,,,,
NonPharma,CRiXjTetFf,مراجعة اماكن وجود - ورقيات,,6.224E+12,GERMANY CARE AD.DIAPERS LARGE10P+2MASK@,,,,,,,
NonPharma,CRiXjTetFf,مراجعة اماكن وجود - ورقيات,,6.224E+12,GERMANY CARE AD.DIAPERS X-LARGE10+2MASK@,,,,,,,
NonPharma,CRiXjTetFf,مراجعة اماكن وجود - ورقيات,,6.224E+12,GERMANY LADY MATERNITY PADS E.MAXI 20PCS,,,,,,,
NonPharma,CRiXjTetFf,مراجعة اماكن وجود - ورقيات,,2706031,HAPPY SHOWER LUFFA LONG ONE FACE (L)/6#,,,,,,,
NonPharma,CRiXjTetFf,مراجعة اماكن وجود - ورقيات,,8.69741E+12,HOLDER ADULT PANTS (L) (100-150CM) 8PCS,,,,,,,
NonPharma,CRiXjTetFf,مراجعة اماكن وجود - ورقيات,,8.69741E+12,HOLDER ADULT PANTS (M) (80-120CM) 8PCS,,,,,,,
NonPharma,CRiXjTetFf,مراجعة اماكن وجود - ورقيات,,36000183399,HUGGIES LITTLE SWIMMERS3-4 (7-15K)12PCS,,,,,,,
NonPharma,CRiXjTetFf,مراجعة اماكن وجود - ورقيات,,3.57466E+12,JOHNSON BABY GENTLE ALL OVER WIPES 72PC#,,,,,,,
NonPharma,CRiXjTetFf,مراجعة اماكن وجود - ورقيات,,6.224E+12,MAJOR ADULT DIAP.LARGE UP TO(170CM)10PCS,,,,,,,
NonPharma,CRiXjTetFf,مراجعة اماكن وجود - ورقيات,,6.224E+12,MAX TOUCH BABY WET WIPES 120PCS,,,,,,,
NonPharma,CRiXjTetFf,مراجعة اماكن وجود - ورقيات,,6.224E+12,MAX TOUCH BABY WET WIPES 80PCS,,,,,,,
NonPharma,CRiXjTetFf,مراجعة اماكن وجود - ورقيات,,6.22201E+12,MEDICA AID MEDICAL COTTON 100G\PL,,,,,,,
NonPharma,CRiXjTetFf,مراجعة اماكن وجود - ورقيات,,6.22201E+12,MEDICA AID MEDICAL COTTON 500G\PL,,,,,,,
NonPharma,CRiXjTetFf,مراجعة اماكن وجود - ورقيات,,6.22201E+12,MEDICA AID MEDICAL COTTON 50G\PL,,,,,,,
NonPharma,CRiXjTetFf,مراجعة اماكن وجود - ورقيات,,6.222E+12,MIGOS ADULTS SHOWER GLOVES 3PCS/41319#,,,,,,,
NonPharma,CRiXjTetFf,مراجعة اماكن وجود - ورقيات,,6.222E+12,MIGOS PEELING SPONGE/41321#,,,,,,,
NonPharma,CRiXjTetFf,مراجعة اماكن وجود - ورقيات,,6.222E+12,MIGOS PEELING SPONGE/41324#,,,,,,,
NonPharma,CRiXjTetFf,مراجعة اماكن وجود - ورقيات,,6.222E+12,MIGOS SUPER LOOFAH BODY&BACK /41173@#,,,,,,,
NonPharma,CRiXjTetFf,مراجعة اماكن وجود - ورقيات,,6.222E+12,MIGOS SUPER LOOFAH BODY&BACK /41219#,,,,,,,
NonPharma,CRiXjTetFf,مراجعة اماكن وجود - ورقيات,,6.22401E+12,MOLFIX (1)NEWBORN (2-5K)DIAPER 44PCS,,,,,,,
NonPharma,CRiXjTetFf,مراجعة اماكن وجود - ورقيات,,6.22301E+12,MOLFIX (3)MIDI (4-9K)DIAPER 32PCS,,,,,,,
NonPharma,CRiXjTetFf,مراجعة اماكن وجود - ورقيات,,6.22301E+12,MOLFIX PANTS (4)MAXI (9-14K) 32PCS#,,,,,,,
NonPharma,CRiXjTetFf,مراجعة اماكن وجود - ورقيات,,6.22301E+12,MOLFIX PANTS (4)MAXI (9-14K) 58PCS#,,,,,,,
NonPharma,CRiXjTetFf,مراجعة اماكن وجود - ورقيات,,6.22301E+12,MOLFIX PANTS (5)JUNIOR (12-17K) 29PCS,,,,,,,
NonPharma,CRiXjTetFf,مراجعة اماكن وجود - ورقيات,,6.22301E+12,MOLFIX PANTS (5)JUNIOR (12-17K) 58PCS#,,,,,,,
NonPharma,CRiXjTetFf,مراجعة اماكن وجود - ورقيات,,6.22301E+12,MOLFIX PREMIUM OX.(5)JUNIOR(11-25K)56PCS,,,,,,,
NonPharma,CRiXjTetFf,مراجعة اماكن وجود - ورقيات,,6.22301E+12,MOLPED GIRL PWR MUSK MAXI EX.LONG 16PCS@,,,,,,,
NonPharma,CRiXjTetFf,مراجعة اماكن وجود - ورقيات,,6.22301E+12,MOLPED GIRL PWR MUSK MAXI LONG 18PCS@,,,,,,,
NonPharma,CRiXjTetFf,مراجعة اماكن وجود - ورقيات,,8.69054E+12,MOLPED P.L.EVERYDAY FRESH.THIN SCENT60P#,,,,,,,
NonPharma,CRiXjTetFf,مراجعة اماكن وجود - ورقيات,,8.69054E+12,MOLPED P.L.FREST&LAST DA.LONG S.PACK24P#,,,,,,,
NonPharma,CRiXjTetFf,مراجعة اماكن وجود - ورقيات,,8.69054E+12,MOLPED P.LINER EX.HYGIENE A.BAC.THIN16P#,,,,,,,
NonPharma,CRiXjTetFf,مراجعة اماكن وجود - ورقيات,,6.22301E+12,MOLPED SOF.MUSK MAXI E.LONG SENS.SK 36P@,,,,,,,
NonPharma,CRiXjTetFf,مراجعة اماكن وجود - ورقيات,,6.22301E+12,MOLPED SOFT MUSK MAXI E.LONG SENS.SK 14@,,,,,,,
NonPharma,CRiXjTetFf,مراجعة اماكن وجود - ورقيات,,6.22301E+12,MOLPED SOFT MUSK MAXI E.LONG SENS.SK 6P,,,,,,,
NonPharma,CRiXjTetFf,مراجعة اماكن وجود - ورقيات,,6.22301E+12,MOLPED SOFT MUSK MAXI LONG SENS.SK 7PCS,,,,,,,
NonPharma,CRiXjTetFf,مراجعة اماكن وجود - ورقيات,,6.22301E+12,MOLPED T.PROTECT.MAXI EX.LONG 2X14P@,,,,,,,
NonPharma,CRiXjTetFf,مراجعة اماكن وجود - ورقيات,,6.22301E+12,MOLPED T.PROTECT.MAXI THICK LONG 6+1P@,,,,,,,
NonPharma,CRiXjTetFf,مراجعة اماكن وجود - ورقيات,,6.22301E+12,MOLPED T.PROTECT.MAXI THICK LONG12+4P@#,,,,,,,
NonPharma,CRiXjTetFf,مراجعة اماكن وجود - ورقيات,,6.22401E+12,NEW BRIGHT MASSAGE LOOFAH ONE FACE(L),,,,,,,
NonPharma,CRiXjTetFf,مراجعة اماكن وجود - ورقيات,,3.80021E+12,NORMAL CLINIC BABMOO COTTON BUDS 300PCS,,,,,,,
NonPharma,CRiXjTetFf,مراجعة اماكن وجود - ورقيات,,7.80627E+11,NOVO BABY HONEY WET WIPES 80PCS,,,,,,,
NonPharma,CRiXjTetFf,مراجعة اماكن وجود - ورقيات,,7.80627E+11,NOVO BABY KITY GIRL WET WIPES 80PCS,,,,,,,
NonPharma,CRiXjTetFf,مراجعة اماكن وجود - ورقيات,,6.77354E+12,OMEGA CARE ADULT DIAPER JUMBO(L-XL)36PC,,,,,,,
NonPharma,CRiXjTetFf,مراجعة اماكن وجود - ورقيات,,8.00654E+12,PAMPERS PANTS(4)(9-14K)MAXI 26PCS,,,,,,,
NonPharma,CRiXjTetFf,مراجعة اماكن وجود - ورقيات,,8.70022E+12,PAMPERS PANTS(4)(9-14K)MAXI 58PCS,,,,,,,
NonPharma,CRiXjTetFf,مراجعة اماكن وجود - ورقيات,,8.70022E+12,PAMPERS PANTS(4)(9-14K)MAXI 80PCS,,,,,,,
NonPharma,CRiXjTetFf,مراجعة اماكن وجود - ورقيات,,8.70022E+12,PAMPERS PANTS(6)(16+K)EX.LARGE 64PCS,,,,,,,
NonPharma,CRiXjTetFf,مراجعة اماكن وجود - ورقيات,,8.00109E+12,PAMPERS PREM.CARE(4)PANTS(9-14)K 44PCS,,,,,,,
NonPharma,CRiXjTetFf,مراجعة اماكن وجود - ورقيات,,6.45872E+11,PEARL BUDS 200PCS,,,,,,,
NonPharma,CRiXjTetFf,مراجعة اماكن وجود - ورقيات,,6.45872E+11,PEARL COTTON BUDS 100PCS,,,,,,,
NonPharma,CRiXjTetFf,مراجعة اماكن وجود - ورقيات,,5.281E+12,PRIVATE EXTRA THIN MISS TEEN 10PCS,,,,,,,
NonPharma,CRiXjTetFf,مراجعة اماكن وجود - ورقيات,,6.22202E+12,PRIVATE EXTRA THIN NIGHT W/WINGS 14PCS@,,,,,,,
NonPharma,CRiXjTetFf,مراجعة اماكن وجود - ورقيات,,5.281E+12,PRIVATE MAXI NORMAL W/WINGS 16PCS,,,,,,,
NonPharma,CRiXjTetFf,مراجعة اماكن وجود - ورقيات,,6.22202E+12,PRIVATE MAXI POCKE.SUPER WINGS 50PCS30%@,,,,,,,
NonPharma,CRiXjTetFf,مراجعة اماكن وجود - ورقيات,,6.225E+12,QUALITA ANTISEPTIC WIPES ICE MINT 40PCS,,,,,,,
NonPharma,CRiXjTetFf,مراجعة اماكن وجود - ورقيات,,6.225E+12,QUALITA ANTISEPTIC WIPES LAVENDER 40PCS,,,,,,,
NonPharma,CRiXjTetFf,مراجعة اماكن وجود - ورقيات,,6.22401E+12,QUALITA COTTON BUDS JAR 100PCS,,,,,,,
NonPharma,CRiXjTetFf,مراجعة اماكن وجود - ورقيات,,6.22401E+12,QUALITA COTTON BUDS JAR 200PCS,,,,,,,
NonPharma,CRiXjTetFf,مراجعة اماكن وجود - ورقيات,,6.22401E+12,QUALITA COTTON BUDS JAR PAP.STICK 100PCS,,,,,,,
NonPharma,CRiXjTetFf,مراجعة اماكن وجود - ورقيات,,6.22401E+12,QUALITA COTTON BUDS JAR PAP.STICK 200PCS,,,,,,,
NonPharma,CRiXjTetFf,مراجعة اماكن وجود - ورقيات,,6.22401E+12,QUALITA CREAMY WIPES CHAMOMILE 40/WIP,,,,,,,
NonPharma,CRiXjTetFf,مراجعة اماكن وجود - ورقيات,,6.22401E+12,QUALITA CREAMY WIPES SHEA BUTTER 40/WIP,,,,,,,
NonPharma,CRiXjTetFf,مراجعة اماكن وجود - ورقيات,,6.22401E+12,QUALITA FEMININE WIPES WHITE MUSK 20PCS,,,,,,,
NonPharma,CRiXjTetFf,مراجعة اماكن وجود - ورقيات,,1.96008E+11,RELAXO PILLOW\PL▓,,,,,,,
NonPharma,CRiXjTetFf,مراجعة اماكن وجود - ورقيات,,6.224E+12,ROLLS ABSORBENT MEDICAL COTTON 500G,,,,,,,
NonPharma,CRiXjTetFf,مراجعة اماكن وجود - ورقيات,,5.20126E+12,SANI SENS.UNSC.BEDPADS MAXI (90X60CM)30P,,,,,,,
NonPharma,CRiXjTetFf,مراجعة اماكن وجود - ورقيات,,5.20126E+12,SANI SENSITIVE PANTS(4)XL(120-160C)20PCS,,,,,,,
NonPharma,CRiXjTetFf,مراجعة اماكن وجود - ورقيات,,5.281E+12,SANITA CHARM COTTON BUDS 100PCS,,,,,,,
NonPharma,CRiXjTetFf,مراجعة اماكن وجود - ورقيات,,6.28102E+12,SANITA CHARM COTTON BUDS 200PCS 2+1@,,,,,,,
NonPharma,CRiXjTetFf,مراجعة اماكن وجود - ورقيات,,5.281E+12,SANITA CHARM SAFETY BUDS F/BABY 50PCS,,,,,,,
NonPharma,CRiXjTetFf,مراجعة اماكن وجود - ورقيات,,5.281E+12,SANITA CHARM SNOW FLAKES COTTON 100PCS,,,,,,,
NonPharma,CRiXjTetFf,مراجعة اماكن وجود - ورقيات,,5.281E+12,SANITA ELEGANCE ADU.DIAPER LAR.NIG.10PCS,,,,,,,
NonPharma,CRiXjTetFf,مراجعة اماكن وجود - ورقيات,,5.281E+12,SANITA ELEGANCE ADUL.DIAPER LARGE 18PCS,,,,,,,
NonPharma,CRiXjTetFf,مراجعة اماكن وجود - ورقيات,,6.22202E+12,SANITA GIPSY SOFT PLUS TISSUES 4X400PCS@,,,,,,,
NonPharma,CRiXjTetFf,مراجعة اماكن وجود - ورقيات,,6.22202E+12,SANITA RELAX ELE.UNDERPAD(90X180CM)30PCS,,,,,,,
NonPharma,CRiXjTetFf,مراجعة اماكن وجود - ورقيات,,6.22202E+12,SANITA RELAX ELEGANCE PANTS MEDIUM 14PCS,,,,,,,
NonPharma,CRiXjTetFf,مراجعة اماكن وجود - ورقيات,,6.22202E+12,SANITA RELAX ELEGANCE PANTS X-LARGE14PCS,,,,,,,
NonPharma,CRiXjTetFf,مراجعة اماكن وجود - ورقيات,,5.20141E+12,SEPTONA COTTON BUDS ROUND 100PCS#,,,,,,,
NonPharma,CRiXjTetFf,مراجعة اماكن وجود - ورقيات,,5.20141E+12,SEPTONA D.CLEAN S.TOU.COTTO.PADS60+60P@,,,,,,,
NonPharma,CRiXjTetFf,مراجعة اماكن وجود - ورقيات,,5.20141E+12,SEPTONA DAI.CLEAN COTTON PADS40PAD+25%@,,,,,,,
NonPharma,CRiXjTetFf,مراجعة اماكن وجود - ورقيات,,5.20141E+12,SEPTONA DAILY CLEAN COTTO.PADS 80+40PC@,,,,,,,
NonPharma,CRiXjTetFf,مراجعة اماكن وجود - ورقيات,,6.223E+12,SOFY SOFT&LUM.F.MUSK MAXI TH.EX.LONG14P,,,,,,,
NonPharma,CRiXjTetFf,مراجعة اماكن وجود - ورقيات,,2702000,SQUARE HEALTH NECK PILLOW▓,,,,,,,
NonPharma,CRiXjTetFf,مراجعة اماكن وجود - ورقيات,,6.22401E+12,SUPER KIDS 2IN1 SHAMP.COND.BLUEBER.500M,,,,,,,
NonPharma,CRiXjTetFf,مراجعة اماكن وجود - ورقيات,,6.22301E+12,SUPER KIDS HYGIENE WATER WIPES 20PCS,,,,,,,
NonPharma,CRiXjTetFf,مراجعة اماكن وجود - ورقيات,,73010004542,TAMPAX PEARL TAMPONS REGULAR 18PCS,,,,,,,
NonPharma,CRiXjTetFf,مراجعة اماكن وجود - ورقيات,,73010379084,TAMPAX PEARL TAMPONS SUPER 18PCS,,,,,,,
NonPharma,CRiXjTetFf,مراجعة اماكن وجود - ورقيات,,73010214095,TAMPAX TAMPONS REGULAR 10PCS,,,,,,,
NonPharma,CRiXjTetFf,مراجعة اماكن وجود - ورقيات,,8.90412E+12,TULIPS COTTON SWABS 100PCS,,,,,,,
NonPharma,CRiXjTetFf,مراجعة اماكن وجود - ورقيات,,6.22401E+12,VIONATAG WET WIPES CHAMOMILE 120PCS,,,,,,,
NonPharma,CRiXjTetFf,مراجعة اماكن وجود - ورقيات,,6.22401E+12,VIONATAG WET WIPES ROSE 72PCS,,,,,,,
NonPharma,CRiXjTetFf,مراجعة اماكن وجود - ورقيات,,6.22401E+12,WHITE A.BACT LAV.VAN.WET WIPES POCKET10P,,,,,,,
NonPharma,CRiXjTetFf,مراجعة اماكن وجود - ورقيات,,6.22401E+12,WHITE A.BACT LEMON WET WIPES POCKET10PCS,,,,,,,
NonPharma,CRiXjTetFf,مراجعة اماكن وجود - ورقيات,,6.22301E+12,WHITE A.BACTER.LAVE.VANIL.WET WIPE.15PCS,,,,,,,
NonPharma,CRiXjTetFf,مراجعة اماكن وجود - ورقيات,,6.22401E+12,WHITE ADULT WIPES (XL) 48PCS#,,,,,,,
NonPharma,CRiXjTetFf,مراجعة اماكن وجود - ورقيات,,6.22401E+12,WHITE BABY WIPES 20PCS,,,,,,,
NonPharma,CRiXjTetFf,مراجعة اماكن وجود - ورقيات,,6.22301E+12,WHITE BABY WIPES CHAMOMILE W/CAP 72PCS,,,,,,,
NonPharma,CRiXjTetFf,مراجعة اماكن وجود - ورقيات,,6.22301E+12,WHITE BABY WIPES SENS.SK W/CAP 72PC,,,,,,,
NonPharma,CRiXjTetFf,مراجعة اماكن وجود - ورقيات,,6.22401E+12,WHITE TISSUES 3PLY 2x300PCS,,,,,,,
NonPharma,CRiXjTetFf,مراجعة اماكن وجود - ورقيات,,6.22401E+12,WHITE TISSUES 3PLY 2X707PCS@#,,,,,,,
NonPharma,CRiXjTetFf,مراجعة اماكن وجود - ورقيات,,6.22401E+12,WHITE TISSUES 3PLY 3X500PC@,,,,,,,
NonPharma,CRiXjTetFf,مراجعة اماكن وجود - ورقيات,,6.22401E+12,WHITE TISSUES 3PLY 400PCS,,,,,,,
NonPharma,CRiXjTetFf,مراجعة اماكن وجود - ورقيات,,6.22401E+12,WHITE TISSUES 3PLY 500PC,,,,,,,
NonPharma,CRiXjTetFf,مراجعة اماكن وجود - ورقيات,,6.22401E+12,WHITE TISSUES 3PLY BUBBLES TOI.ROLL 2 PC,,,,,,,
NonPharma,CRiXjTetFf,مراجعة اماكن وجود - ورقيات,,6.22401E+12,WIPE IT ANTIBACTERIAL WIPES W/CAP 40PCS,,,,,,,
NonPharma,CRiXjTetFf,مراجعة اماكن وجود - ورقيات,,6.22401E+12,WIPE IT BABY WIPES FRE.ALCOHOL W/CAP 60P,,,,,,,
NonPharma,CRiXjTetFf,مراجعة اماكن وجود - ورقيات,,6.22401E+12,WIPE IT CLEANSI.WIPES COCON.W/CAP 40PCS,,,,,,,
NonPharma,CRiXjTetFf,مراجعة اماكن وجود - ورقيات,,6.22401E+12,WIPE IT PURIFID WATER WIPES F/BABIES 60P,,,,,,,
NonPharma,CRiXjTetFf,مراجعة اماكن وجود - ورقيات,,2707588,ZIGZAG ABSORBENT MEDICAL COTTON 100G,,,,,,,
NonPharma,CRiXjTetFf,مراجعة اماكن وجود - ورقيات,,2707343,ZIGZAG ABSORBENT MEDICAL COTTON 50G,,,,,,,
